CSTMR_CIF,CORP_SEG,PORTFOLIO_LABEL,CORPORATE_FINANCING_LABEL,TRADE_FINANCING_LABEL,PAYROLL_LABEL,PRIME_RM_AS_OF_MONTH,QTD_OS_BAL_MOV,FUNDED_QTD_OS_BAL_MOV,NON_FUNDED_QTD_OS_BAL_MOV,PAYROLL_TOT_AMT,HAS_TRADE_PRODUCT,HAS_PAYROLL,COUNT_RECORDS,TENURE_ACCOUNT,MIN_TENURE_PRODUCT_NON_FND,MAX_TENURE_PRODUCT_NON_FND,MIN_TENURE_PRODUCT_FND,MAX_TENURE_PRODUCT_FND,TENURE_PAYROLL,NEW_CUST_STAG,PORTFOLIO_STAG,PORTFOLIO_CUR_BAL,PORTFOLIO_CUR_BAL_QRT,INSERT_DTTS,AS_OF_DT,M1_FLAG,M1_PROBABILITY,M1_RISK_BAND,M1_PERCENTILE_RANK,M1_CUST_COUNT,M1_PERCENTILE_RANK_SEG,M1_CUST_COUNT_SEG,M1_DRIVER_1_NAME,M1_DRIVER_1_VALUE,M1_DRIVER_1_SHAP,M1_DRIVER_1_DIRECTION,M1_DRIVER_2_NAME,M1_DRIVER_2_VALUE,M1_DRIVER_2_SHAP,M1_DRIVER_2_DIRECTION,M1_DRIVER_3_NAME,M1_DRIVER_3_VALUE,M1_DRIVER_3_SHAP,M1_DRIVER_3_DIRECTION,M1_DRIVER_4_NAME,M1_DRIVER_4_VALUE,M1_DRIVER_4_SHAP,M1_DRIVER_4_DIRECTION,M1_DRIVER_5_NAME,M1_DRIVER_5_VALUE,M1_DRIVER_5_SHAP,M1_DRIVER_5_DIRECTION,M2_FLAG,M2_PROBABILITY,M2_RISK_BAND,M2_PERCENTILE_RANK,M2_CUST_COUNT,M2_PERCENTILE_RANK_SEG,M2_CUST_COUNT_SEG,M2_DRIVER_1_NAME,M2_DRIVER_1_VALUE,M2_DRIVER_1_SHAP,M2_DRIVER_1_DIRECTION,M2_DRIVER_2_NAME,M2_DRIVER_2_VALUE,M2_DRIVER_2_SHAP,M2_DRIVER_2_DIRECTION,M2_DRIVER_3_NAME,M2_DRIVER_3_VALUE,M2_DRIVER_3_SHAP,M2_DRIVER_3_DIRECTION,M2_DRIVER_4_NAME,M2_DRIVER_4_VALUE,M2_DRIVER_4_SHAP,M2_DRIVER_4_DIRECTION,M2_DRIVER_5_NAME,M2_DRIVER_5_VALUE,M2_DRIVER_5_SHAP,M2_DRIVER_5_DIRECTION,M3_FLAG,M3_PROBABILITY,M3_RISK_BAND,M3_PERCENTILE_RANK,M3_CUST_COUNT,M3_PERCENTILE_RANK_SEG,M3_CUST_COUNT_SEG,M3_DRIVER_1_NAME,M3_DRIVER_1_VALUE,M3_DRIVER_1_SHAP,M3_DRIVER_1_DIRECTION,M3_DRIVER_2_NAME,M3_DRIVER_2_VALUE,M3_DRIVER_2_SHAP,M3_DRIVER_2_DIRECTION,M3_DRIVER_3_NAME,M3_DRIVER_3_VALUE,M3_DRIVER_3_SHAP,M3_DRIVER_3_DIRECTION,M3_DRIVER_4_NAME,M3_DRIVER_4_VALUE,M3_DRIVER_4_SHAP,M3_DRIVER_4_DIRECTION,M3_DRIVER_5_NAME,M3_DRIVER_5_VALUE,M3_DRIVER_5_SHAP,M3_DRIVER_5_DIRECTION,M4_FLAG,M4_PROBABILITY,M4_RISK_BAND,M4_PERCENTILE_RANK,M4_CUST_COUNT,M4_PERCENTILE_RANK_SEG,M4_CUST_COUNT_SEG,M4_DRIVER_1_NAME,M4_DRIVER_1_VALUE,M4_DRIVER_1_SHAP,M4_DRIVER_1_DIRECTION,M4_DRIVER_2_NAME,M4_DRIVER_2_VALUE,M4_DRIVER_2_SHAP,M4_DRIVER_2_DIRECTION,M4_DRIVER_3_NAME,M4_DRIVER_3_VALUE,M4_DRIVER_3_SHAP,M4_DRIVER_3_DIRECTION,M4_DRIVER_4_NAME,M4_DRIVER_4_VALUE,M4_DRIVER_4_SHAP,M4_DRIVER_4_DIRECTION,M4_DRIVER_5_NAME,M4_DRIVER_5_VALUE,M4_DRIVER_5_SHAP,M4_DRIVER_5_DIRECTION,RM_ID,SUPERVISOR_ID
1023840221,SME,1,0,0,1,RM-Dana Al-Rashid (Dammam),-316505.0,-189903.0,-126602.0,438389.0,1.0,1.0,1.0,55.0,10.0,42.0,16.0,55.0,46.0,0.0,0.0,1033478.0,1349983.0,2026-05-12,2026-05-11,1,0.64,High,4.5315,4957,3.2086,2479,CASA_BAL_DROP_90D_PCT,-44%,0.2747,positive,DEBIT_COUNT_RATIO_30D_VS_6M,0.41,0.2061,positive,DIGITAL_LOGIN_30D,5,0.1278,positive,PEER_PERCENTILE_SEG,10,0.0781,positive,TENURE_ACCOUNT_MONTHS,111,-0.0513,negative,0,0.2499,Low,79.1463,4957,55.025,2479,LC_VOLUME_180D_DELTA_PCT,+3%,-0.0391,negative,LG_OUTSTANDING_LIMIT_USAGE,84%,-0.0274,negative,LAST_TRADE_TXN_DAYS_AGO,7,-0.019,negative,IMPORT_LC_COUNT_180D,10,-0.0096,negative,EXPORT_COLLECTION_VOL,SAR 918K,-0.0055,negative,0,0.3661,Medium,20.6518,4957,29.3508,2479,FINANCING_UTILIZATION_PCT,42%,0.1331,positive,DAYS_SINCE_LAST_DRAWDOWN,98,0.0874,positive,MURABAHA_LIMIT_UTIL_180D_AVG,0.47,0.0769,positive,IJARAH_ACTIVE_CONTRACTS,1,0.0554,positive,OUTSTANDING_VS_LIMIT_RATIO,0.36,-0.0318,negative,1,0.6724,High,3.7363,4957,3.5585,2479,PAYROLL_VOL_90D_DELTA_PCT,-18%,0.276,positive,PAYROLL_FEE_INCOME_90D_DELTA,-32%,0.1928,positive,MISSED_PAYROLL_CYCLES,3,0.1249,positive,HEADCOUNT_DELTA_PCT,-13%,0.0719,positive,AVG_PAYROLL_PER_HEAD,"SAR 5,593",-0.0456,negative,RM-200131,SUP-1001
1023840333,SME,0,0,0,0,RM-Walid Al-Zahrani (Riyadh East),45548.0,27328.0,18220.0,788720.0,1.0,1.0,1.0,105.0,23.0,51.0,8.0,65.0,36.0,0.0,0.0,2233503.0,2187955.0,2026-05-12,2026-05-11,0,0.1121,Low,86.6426,4957,78.2791,2479,CASA_BAL_DROP_90D_PCT,+12%,-0.0366,negative,DEBIT_COUNT_RATIO_30D_VS_6M,1.14,-0.0331,negative,DIGITAL_LOGIN_30D,22,-0.0184,negative,PEER_PERCENTILE_SEG,75,-0.0109,negative,CREDIT_TXN_VOLUME_30D,SAR 932K,-0.0047,negative,0,0.26,Low,70.5231,4957,79.5882,2479,LC_VOLUME_180D_DELTA_PCT,+5%,-0.0366,negative,LG_OUTSTANDING_LIMIT_USAGE,80%,-0.0335,negative,LAST_TRADE_TXN_DAYS_AGO,13,-0.0198,negative,IMPORT_LC_COUNT_180D,13,-0.0089,negative,EXPORT_COLLECTION_VOL,SAR 1064K,-0.0051,negative,0,0.1845,Low,85.402,4957,65.5736,2479,FINANCING_UTILIZATION_PCT,64%,-0.0366,negative,DAYS_SINCE_LAST_DRAWDOWN,10,-0.0301,negative,MURABAHA_LIMIT_UTIL_180D_AVG,0.92,-0.0215,negative,IJARAH_ACTIVE_CONTRACTS,4,-0.009,negative,OUTSTANDING_VS_LIMIT_RATIO,0.76,-0.0054,negative,0,0.0646,Low,62.1729,4957,91.8293,2479,PAYROLL_VOL_90D_DELTA_PCT,+1%,-0.0403,negative,PAYROLL_FEE_INCOME_90D_DELTA,+3%,-0.0316,negative,MISSED_PAYROLL_CYCLES,0,-0.0211,negative,HEADCOUNT_DELTA_PCT,+5%,-0.0101,negative,AVG_PAYROLL_PER_HEAD,"SAR 9,786",-0.0054,negative,RM-200144,SUP-1002
1023840444,Enterprise (GTB),0,0,1,0,RM-Faisal Al-Harbi (Dammam),1746178.0,1047706.0,698472.0,0.0,1.0,0.0,0.0,82.0,6.0,52.0,14.0,82.0,,0.0,0.0,27696460.0,25950282.0,2026-05-12,2026-05-11,0,0.0911,Low,86.0683,4957,86.3028,1286,CASA_BAL_DROP_90D_PCT,+18%,-0.0376,negative,DEBIT_COUNT_RATIO_30D_VS_6M,0.99,-0.031,negative,DIGITAL_LOGIN_30D,54,-0.0216,negative,PEER_PERCENTILE_SEG,83,-0.0114,negative,CREDIT_TXN_VOLUME_30D,SAR 1726K,-0.0056,negative,1,0.6946,High,2.1169,4957,9.5037,1286,LC_VOLUME_180D_DELTA_PCT,-60%,0.3341,positive,LG_OUTSTANDING_LIMIT_USAGE,6%,0.1885,positive,LAST_TRADE_TXN_DAYS_AGO,192,0.1107,positive,IMPORT_LC_COUNT_180D,0,0.0907,positive,EXPORT_COLLECTION_VOL,SAR 14K,0.0535,positive,0,0.2749,Low,68.9718,4957,53.5335,1286,FINANCING_UTILIZATION_PCT,90%,-0.0419,negative,DAYS_SINCE_LAST_DRAWDOWN,21,-0.0304,negative,MURABAHA_LIMIT_UTIL_180D_AVG,0.85,-0.0202,negative,IJARAH_ACTIVE_CONTRACTS,4,-0.0114,negative,OUTSTANDING_VS_LIMIT_RATIO,0.75,-0.0053,negative,0,0.2045,Low,61.8039,4957,87.583,1286,PAYROLL_VOL_90D_DELTA_PCT,+4%,-0.0394,negative,PAYROLL_FEE_INCOME_90D_DELTA,+7%,-0.0275,negative,MISSED_PAYROLL_CYCLES,0,-0.0171,negative,HEADCOUNT_DELTA_PCT,+10%,-0.0102,negative,AVG_PAYROLL_PER_HEAD,"SAR 7,581",-0.0046,negative,RM-200014,SUP-1002
1023840555,CCB,0,1,0,0,RM-Walid Al-Zahrani (Riyadh East),-535717.0,-321430.0,-214287.0,0.0,0.0,0.0,0.0,139.0,,,6.0,57.0,,0.0,0.0,3987737.0,4523454.0,2026-05-12,2026-05-11,0,0.3177,Medium,23.5701,4957,32.7036,608,CASA_BAL_DROP_90D_PCT,-12%,0.1371,positive,DEBIT_COUNT_RATIO_30D_VS_6M,0.77,0.1067,positive,DIGITAL_LOGIN_30D,11,-0.0716,negative,PEER_PERCENTILE_SEG,33,0.0543,positive,CREDIT_TXN_VOLUME_30D,SAR 74K,-0.0272,negative,0,0.2016,Low,60.9434,4957,66.0885,608,LC_VOLUME_180D_DELTA_PCT,-7%,-0.0444,negative,LG_OUTSTANDING_LIMIT_USAGE,80%,-0.0314,negative,LAST_TRADE_TXN_DAYS_AGO,17,-0.0176,negative,IMPORT_LC_COUNT_180D,6,-0.0107,negative,EXPORT_COLLECTION_VOL,SAR 494K,-0.0046,negative,1,0.7433,High,2.8411,4957,4.2844,608,FINANCING_UTILIZATION_PCT,7%,0.2966,positive,DAYS_SINCE_LAST_DRAWDOWN,320,0.1966,positive,MURABAHA_LIMIT_UTIL_180D_AVG,0.19,0.1055,positive,IJARAH_ACTIVE_CONTRACTS,0,0.081,positive,OUTSTANDING_VS_LIMIT_RATIO,0.11,0.0427,positive,0,0.2233,Low,55.6371,4957,65.8822,608,PAYROLL_VOL_90D_DELTA_PCT,+7%,-0.0398,negative,PAYROLL_FEE_INCOME_90D_DELTA,+4%,-0.0336,negative,MISSED_PAYROLL_CYCLES,0,-0.0193,negative,HEADCOUNT_DELTA_PCT,+5%,-0.0115,negative,AVG_PAYROLL_PER_HEAD,"SAR 10,727",-0.0056,negative,RM-200144,SUP-1002
1023840666,ICB,0,0,0,0,RM-Reem Al-Dosari (Khobar),1640178.0,984106.0,656072.0,0.0,0.0,0.0,0.0,3.0,,,3.0,3.0,,1.0,0.0,153550206.0,151910028.0,2026-05-12,2026-05-11,0,0.2022,Low,66.9002,4957,56.3555,584,CASA_BAL_DROP_90D_PCT,+3%,-0.0366,negative,DEBIT_COUNT_RATIO_30D_VS_6M,1.09,-0.0307,negative,DIGITAL_LOGIN_30D,23,-0.0215,negative,PEER_PERCENTILE_SEG,80,-0.0087,negative,CREDIT_TXN_VOLUME_30D,SAR 1587K,-0.005,negative,0,0.0862,Low,88.2351,4957,51.5249,584,LC_VOLUME_180D_DELTA_PCT,-7%,-0.0362,negative,LG_OUTSTANDING_LIMIT_USAGE,72%,-0.0333,negative,LAST_TRADE_TXN_DAYS_AGO,23,-0.0177,negative,IMPORT_LC_COUNT_180D,14,-0.0092,negative,EXPORT_COLLECTION_VOL,SAR 383K,-0.0043,negative,0,0.1464,Low,71.2653,4957,71.0024,584,FINANCING_UTILIZATION_PCT,66%,-0.0452,negative,DAYS_SINCE_LAST_DRAWDOWN,25,-0.0315,negative,MURABAHA_LIMIT_UTIL_180D_AVG,0.80,-0.0184,negative,IJARAH_ACTIVE_CONTRACTS,5,-0.0105,negative,OUTSTANDING_VS_LIMIT_RATIO,0.88,-0.0049,negative,0,0.2652,Low,45.4192,4957,75.331,584,PAYROLL_VOL_90D_DELTA_PCT,+2%,-0.0408,negative,PAYROLL_FEE_INCOME_90D_DELTA,+5%,-0.0262,negative,MISSED_PAYROLL_CYCLES,0,-0.02,negative,HEADCOUNT_DELTA_PCT,+6%,-0.0089,negative,AVG_PAYROLL_PER_HEAD,"SAR 9,001",-0.0056,negative,RM-200053,SUP-1005
1023840777,SME,1,0,0,0,RM-Tariq Al-Shamrani (Riyadh Central),-474417.0,-284650.0,-189767.0,719605.0,0.0,1.0,2.0,114.0,,,15.0,77.0,45.0,0.0,0.0,1397661.0,1872078.0,2026-05-12,2026-05-11,1,0.6218,High,6.9026,4957,5.0957,2479,CASA_BAL_DROP_90D_PCT,-32%,0.3147,positive,DEBIT_COUNT_RATIO_30D_VS_6M,0.48,0.1859,positive,DIGITAL_LOGIN_30D,2,0.1287,positive,PEER_PERCENTILE_SEG,6,0.0745,positive,TENURE_ACCOUNT_MONTHS,73,-0.0533,negative,0,0.2081,Low,83.3811,4957,70.238,2479,LC_VOLUME_180D_DELTA_PCT,-2%,-0.037,negative,LG_OUTSTANDING_LIMIT_USAGE,68%,-0.0312,negative,LAST_TRADE_TXN_DAYS_AGO,15,-0.0173,negative,IMPORT_LC_COUNT_180D,15,-0.0108,negative,EXPORT_COLLECTION_VOL,SAR 465K,-0.0057,negative,0,0.2205,Low,69.8256,4957,66.8182,2479,FINANCING_UTILIZATION_PCT,62%,-0.0341,negative,DAYS_SINCE_LAST_DRAWDOWN,14,-0.034,negative,MURABAHA_LIMIT_UTIL_180D_AVG,0.91,-0.0203,negative,IJARAH_ACTIVE_CONTRACTS,4,-0.0102,negative,OUTSTANDING_VS_LIMIT_RATIO,0.66,-0.0049,negative,0,0.1339,Low,86.989,4957,90.7766,2479,PAYROLL_VOL_90D_DELTA_PCT,+6%,-0.0345,negative,PAYROLL_FEE_INCOME_90D_DELTA,+5%,-0.0274,negative,MISSED_PAYROLL_CYCLES,0,-0.021,negative,HEADCOUNT_DELTA_PCT,+9%,-0.0096,negative,AVG_PAYROLL_PER_HEAD,"SAR 10,329",-0.0056,negative,RM-200066,SUP-1001
1023840888,Enterprise (GTB),0,0,0,0,RM-Omar Al-Sulaiman (Jeddah North),-4388395.0,-2633037.0,-1755358.0,398237.0,1.0,1.0,1.0,134.0,11.0,62.0,6.0,47.0,59.0,0.0,1.0,18371898.0,22760293.0,2026-05-12,2026-05-11,0,0.5311,Medium,31.7358,4957,28.5874,1286,CASA_BAL_DROP_90D_PCT,-21%,0.1576,positive,DEBIT_COUNT_RATIO_30D_VS_6M,0.62,0.1093,positive,DIGITAL_LOGIN_30D,9,-0.076,negative,PEER_PERCENTILE_SEG,21,0.0482,positive,CREDIT_TXN_VOLUME_30D,SAR 106K,-0.0332,negative,0,0.3499,Medium,33.7768,4957,27.5945,1286,LC_VOLUME_180D_DELTA_PCT,-17%,0.1644,positive,LG_OUTSTANDING_LIMIT_USAGE,41%,0.0917,positive,LAST_TRADE_TXN_DAYS_AGO,62,0.0679,positive,IMPORT_LC_COUNT_180D,3,-0.0555,negative,EXPORT_COLLECTION_VOL,SAR 210K,-0.0287,negative,0,0.3999,Medium,34.7172,4957,30.5795,1286,FINANCING_UTILIZATION_PCT,33%,0.1698,positive,DAYS_SINCE_LAST_DRAWDOWN,96,0.1113,positive,MURABAHA_LIMIT_UTIL_180D_AVG,0.54,0.0632,positive,IJARAH_ACTIVE_CONTRACTS,1,0.0465,positive,OUTSTANDING_VS_LIMIT_RATIO,0.42,-0.0309,negative,0,0.4966,Medium,26.5459,4957,37.7478,1286,PAYROLL_VOL_90D_DELTA_PCT,-8%,0.1327,positive,PAYROLL_FEE_INCOME_90D_DELTA,-11%,0.0926,positive,MISSED_PAYROLL_CYCLES,0,0.0595,positive,HEADCOUNT_DELTA_PCT,-2%,0.048,positive,AVG_PAYROLL_PER_HEAD,"SAR 7,352",-0.034,negative,RM-200118,SUP-1005
1023840999,CCB,0,1,1,0,RM-Omar Al-Sulaiman (Jeddah North),-1649259.0,-989555.0,-659704.0,0.0,1.0,0.0,0.0,39.0,15.0,39.0,10.0,39.0,,0.0,0.0,8266630.0,9915889.0,2026-05-12,2026-05-11,0,0.4021,Medium,26.036,4957,26.7305,608,CASA_BAL_DROP_90D_PCT,-16%,0.1332,positive,DEBIT_COUNT_RATIO_30D_VS_6M,0.64,0.1049,positive,DIGITAL_LOGIN_30D,10,-0.0752,negative,PEER_PERCENTILE_SEG,29,0.0517,positive,CREDIT_TXN_VOLUME_30D,SAR 50K,-0.0292,negative,1,0.6899,High,3.2611,4957,8.5003,608,LC_VOLUME_180D_DELTA_PCT,-45%,0.3096,positive,LG_OUTSTANDING_LIMIT_USAGE,19%,0.1979,positive,LAST_TRADE_TXN_DAYS_AGO,185,0.1263,positive,IMPORT_LC_COUNT_180D,0,0.0794,positive,EXPORT_COLLECTION_VOL,SAR 28K,0.0524,positive,1,0.7386,High,5.7976,4957,5.3463,608,FINANCING_UTILIZATION_PCT,12%,0.3287,positive,DAYS_SINCE_LAST_DRAWDOWN,237,0.2104,positive,MURABAHA_LIMIT_UTIL_180D_AVG,0.11,0.131,positive,IJARAH_ACTIVE_CONTRACTS,0,0.0691,positive,OUTSTANDING_VS_LIMIT_RATIO,0.19,0.0573,positive,0,0.2268,Low,65.4937,4957,86.99,608,PAYROLL_VOL_90D_DELTA_PCT,+7%,-0.0409,negative,PAYROLL_FEE_INCOME_90D_DELTA,+5%,-0.0299,negative,MISSED_PAYROLL_CYCLES,0,-0.0179,negative,HEADCOUNT_DELTA_PCT,+2%,-0.0106,negative,AVG_PAYROLL_PER_HEAD,"SAR 8,792",-0.0054,negative,RM-200118,SUP-1005
1023841010,ICB,0,0,0,1,RM-Noura Al-Qahtani (Riyadh South),10221297.0,6132778.0,4088519.0,734482.0,0.0,1.0,0.0,55.0,,,13.0,44.0,41.0,0.0,0.0,179038225.0,168816928.0,2026-05-12,2026-05-11,0,0.2035,Low,89.4552,4957,74.1999,584,CASA_BAL_DROP_90D_PCT,+16%,-0.0454,negative,DEBIT_COUNT_RATIO_30D_VS_6M,1.13,-0.031,negative,DIGITAL_LOGIN_30D,55,-0.02,negative,PEER_PERCENTILE_SEG,60,-0.0098,negative,CREDIT_TXN_VOLUME_30D,SAR 1472K,-0.0054,negative,0,0.1535,Low,78.83,4957,84.954,584,LC_VOLUME_180D_DELTA_PCT,+7%,-0.0373,negative,LG_OUTSTANDING_LIMIT_USAGE,74%,-0.0277,negative,LAST_TRADE_TXN_DAYS_AGO,14,-0.0175,negative,IMPORT_LC_COUNT_180D,10,-0.0092,negative,EXPORT_COLLECTION_VOL,SAR 853K,-0.0047,negative,0,0.0685,Low,51.7874,4957,64.8536,584,FINANCING_UTILIZATION_PCT,66%,-0.0358,negative,DAYS_SINCE_LAST_DRAWDOWN,31,-0.0261,negative,MURABAHA_LIMIT_UTIL_180D_AVG,0.82,-0.019,negative,IJARAH_ACTIVE_CONTRACTS,6,-0.0087,negative,OUTSTANDING_VS_LIMIT_RATIO,0.84,-0.0048,negative,1,0.8376,High,2.1172,4957,9.1646,584,PAYROLL_VOL_90D_DELTA_PCT,-30%,0.3068,positive,PAYROLL_FEE_INCOME_90D_DELTA,-29%,0.1704,positive,MISSED_PAYROLL_CYCLES,3,0.1128,positive,HEADCOUNT_DELTA_PCT,-21%,0.0885,positive,AVG_PAYROLL_PER_HEAD,"SAR 7,561",-0.0488,negative,RM-200027,SUP-1003
1023841111,SME,1,1,1,1,RM-Walid Al-Zahrani (Riyadh East),-972596.0,-583557.0,-389039.0,381251.0,1.0,1.0,1.0,86.0,14.0,63.0,13.0,37.0,36.0,0.0,0.0,1945322.0,2917918.0,2026-05-12,2026-05-11,1,0.6973,High,6.0749,4957,5.8302,2479,CASA_BAL_DROP_90D_PCT,-42%,0.2699,positive,DEBIT_COUNT_RATIO_30D_VS_6M,0.50,0.2252,positive,DIGITAL_LOGIN_30D,4,0.1212,positive,PEER_PERCENTILE_SEG,3,0.0822,positive,TENURE_ACCOUNT_MONTHS,87,-0.0438,negative,1,0.6512,High,4.7702,4957,3.352,2479,LC_VOLUME_180D_DELTA_PCT,-41%,0.2891,positive,LG_OUTSTANDING_LIMIT_USAGE,15%,0.1973,positive,LAST_TRADE_TXN_DAYS_AGO,168,0.1294,positive,IMPORT_LC_COUNT_180D,1,0.0747,positive,EXPORT_COLLECTION_VOL,SAR 15K,0.0463,positive,1,0.7282,High,6.4941,4957,3.3646,2479,FINANCING_UTILIZATION_PCT,12%,0.3407,positive,DAYS_SINCE_LAST_DRAWDOWN,346,0.209,positive,MURABAHA_LIMIT_UTIL_180D_AVG,0.09,0.1034,positive,IJARAH_ACTIVE_CONTRACTS,0,0.0739,positive,OUTSTANDING_VS_LIMIT_RATIO,0.19,0.0551,positive,1,0.6749,High,4.8414,4957,3.8007,2479,PAYROLL_VOL_90D_DELTA_PCT,-29%,0.3403,positive,PAYROLL_FEE_INCOME_90D_DELTA,-29%,0.212,positive,MISSED_PAYROLL_CYCLES,4,0.108,positive,HEADCOUNT_DELTA_PCT,-19%,0.0911,positive,AVG_PAYROLL_PER_HEAD,"SAR 7,855",-0.0442,negative,RM-200144,SUP-1002
1023841200,SME,1,0,0,0,RM-Noura Al-Qahtani (Riyadh South),-474936.0,-284961.0,-189975.0,0.0,1.0,0.0,0.0,27.0,15.0,27.0,16.0,27.0,,0.0,0.0,1452295.0,1927231.0,2026-05-12,2026-05-11,1,0.7112,High,6.2901,4957,3.532,2479,CASA_BAL_DROP_90D_PCT,-35%,0.3172,positive,DEBIT_COUNT_RATIO_30D_VS_6M,0.45,0.1761,positive,DIGITAL_LOGIN_30D,5,0.1326,positive,PEER_PERCENTILE_SEG,3,0.0873,positive,TENURE_ACCOUNT_MONTHS,87,-0.0477,negative,0,0.4654,Medium,21.0344,4957,32.3607,2479,LC_VOLUME_180D_DELTA_PCT,-23%,0.1281,positive,LG_OUTSTANDING_LIMIT_USAGE,38%,0.1097,positive,LAST_TRADE_TXN_DAYS_AGO,68,0.0686,positive,IMPORT_LC_COUNT_180D,3,-0.052,negative,EXPORT_COLLECTION_VOL,SAR 191K,-0.0319,negative,0,0.0905,Low,68.4786,4957,76.6201,2479,FINANCING_UTILIZATION_PCT,89%,-0.0414,negative,DAYS_SINCE_LAST_DRAWDOWN,35,-0.0303,negative,MURABAHA_LIMIT_UTIL_180D_AVG,0.91,-0.0198,negative,IJARAH_ACTIVE_CONTRACTS,5,-0.0103,negative,OUTSTANDING_VS_LIMIT_RATIO,0.86,-0.0055,negative,0,0.0699,Low,84.6734,4957,58.73,2479,PAYROLL_VOL_90D_DELTA_PCT,+7%,-0.0396,negative,PAYROLL_FEE_INCOME_90D_DELTA,+9%,-0.0285,negative,MISSED_PAYROLL_CYCLES,0,-0.0221,negative,HEADCOUNT_DELTA_PCT,+4%,-0.009,negative,AVG_PAYROLL_PER_HEAD,"SAR 9,116",-0.0048,negative,RM-200027,SUP-1003
1023841201,Enterprise (GTB),1,0,1,0,RM-Tariq Al-Shamrani (Riyadh Central),-13921274.0,-8352764.0,-5568510.0,0.0,1.0,0.0,0.0,113.0,14.0,71.0,6.0,69.0,,0.0,0.0,26767563.0,40688837.0,2026-05-12,2026-05-11,1,0.8381,High,2.5137,4957,8.0405,1286,CASA_BAL_DROP_90D_PCT,-35%,0.299,positive,DEBIT_COUNT_RATIO_30D_VS_6M,0.43,0.2114,positive,DIGITAL_LOGIN_30D,1,0.1197,positive,PEER_PERCENTILE_SEG,6,0.0702,positive,TENURE_ACCOUNT_MONTHS,75,-0.0486,negative,1,0.6904,High,5.4893,4957,6.3128,1286,LC_VOLUME_180D_DELTA_PCT,-48%,0.3028,positive,LG_OUTSTANDING_LIMIT_USAGE,22%,0.2298,positive,LAST_TRADE_TXN_DAYS_AGO,209,0.1139,positive,IMPORT_LC_COUNT_180D,1,0.0789,positive,EXPORT_COLLECTION_VOL,SAR 17K,0.0463,positive,0,0.2159,Low,59.1997,4957,80.6868,1286,FINANCING_UTILIZATION_PCT,82%,-0.0454,negative,DAYS_SINCE_LAST_DRAWDOWN,18,-0.0272,negative,MURABAHA_LIMIT_UTIL_180D_AVG,0.77,-0.0214,negative,IJARAH_ACTIVE_CONTRACTS,5,-0.0103,negative,OUTSTANDING_VS_LIMIT_RATIO,0.86,-0.0057,negative,0,0.1181,Low,61.2396,4957,61.2998,1286,PAYROLL_VOL_90D_DELTA_PCT,+3%,-0.0425,negative,PAYROLL_FEE_INCOME_90D_DELTA,+2%,-0.028,negative,MISSED_PAYROLL_CYCLES,0,-0.0203,negative,HEADCOUNT_DELTA_PCT,+3%,-0.0106,negative,AVG_PAYROLL_PER_HEAD,"SAR 11,021",-0.0052,negative,RM-200066,SUP-1001
1023841202,CCB,0,0,0,0,RM-Faisal Al-Harbi (Dammam),112803.0,67681.0,45122.0,642198.0,0.0,1.0,3.0,85.0,,,11.0,47.0,15.0,0.0,0.0,3205779.0,3092976.0,2026-05-12,2026-05-11,0,0.1081,Low,83.7775,4957,53.0198,608,CASA_BAL_DROP_90D_PCT,+17%,-0.0348,negative,DEBIT_COUNT_RATIO_30D_VS_6M,1.11,-0.0262,negative,DIGITAL_LOGIN_30D,29,-0.0173,negative,PEER_PERCENTILE_SEG,69,-0.0109,negative,CREDIT_TXN_VOLUME_30D,SAR 1008K,-0.0044,negative,0,0.0772,Low,79.4,4957,74.678,608,LC_VOLUME_180D_DELTA_PCT,-8%,-0.0435,negative,LG_OUTSTANDING_LIMIT_USAGE,74%,-0.0302,negative,LAST_TRADE_TXN_DAYS_AGO,14,-0.0225,negative,IMPORT_LC_COUNT_180D,11,-0.0111,negative,EXPORT_COLLECTION_VOL,SAR 935K,-0.0047,negative,0,0.3151,Medium,34.4016,4957,23.5877,608,FINANCING_UTILIZATION_PCT,50%,0.1618,positive,DAYS_SINCE_LAST_DRAWDOWN,122,0.0913,positive,MURABAHA_LIMIT_UTIL_180D_AVG,0.40,0.0612,positive,IJARAH_ACTIVE_CONTRACTS,1,0.0508,positive,OUTSTANDING_VS_LIMIT_RATIO,0.44,-0.0255,negative,0,0.4485,Medium,24.3689,4957,25.7036,608,PAYROLL_VOL_90D_DELTA_PCT,-12%,0.1593,positive,PAYROLL_FEE_INCOME_90D_DELTA,-8%,0.0871,positive,MISSED_PAYROLL_CYCLES,0,0.0789,positive,HEADCOUNT_DELTA_PCT,-6%,0.0489,positive,AVG_PAYROLL_PER_HEAD,"SAR 6,610",-0.0275,negative,RM-200014,SUP-1002
1023841203,ICB,0,1,0,0,RM-Basma Al-Mutairi (Khobar),-24931765.0,-14959059.0,-9972706.0,0.0,0.0,0.0,0.0,33.0,,,6.0,33.0,,0.0,0.0,111305173.0,136236938.0,2026-05-12,2026-05-11,0,0.4982,Medium,28.9257,4957,35.1878,584,CASA_BAL_DROP_90D_PCT,-17%,0.169,positive,DEBIT_COUNT_RATIO_30D_VS_6M,0.72,0.0887,positive,DIGITAL_LOGIN_30D,12,-0.0742,negative,PEER_PERCENTILE_SEG,35,0.05,positive,CREDIT_TXN_VOLUME_30D,SAR 60K,-0.0294,negative,0,0.2546,Low,78.054,4957,74.5634,584,LC_VOLUME_180D_DELTA_PCT,-7%,-0.0343,negative,LG_OUTSTANDING_LIMIT_USAGE,78%,-0.033,negative,LAST_TRADE_TXN_DAYS_AGO,5,-0.0205,negative,IMPORT_LC_COUNT_180D,15,-0.0115,negative,EXPORT_COLLECTION_VOL,SAR 890K,-0.0055,negative,1,0.6293,High,6.5376,4957,6.2935,584,FINANCING_UTILIZATION_PCT,13%,0.3136,positive,DAYS_SINCE_LAST_DRAWDOWN,329,0.1809,positive,MURABAHA_LIMIT_UTIL_180D_AVG,0.22,0.1177,positive,IJARAH_ACTIVE_CONTRACTS,0,0.0913,positive,OUTSTANDING_VS_LIMIT_RATIO,0.16,0.0496,positive,0,0.1238,Low,49.707,4957,55.0763,584,PAYROLL_VOL_90D_DELTA_PCT,+8%,-0.0389,negative,PAYROLL_FEE_INCOME_90D_DELTA,+8%,-0.0281,negative,MISSED_PAYROLL_CYCLES,0,-0.0219,negative,HEADCOUNT_DELTA_PCT,+8%,-0.0102,negative,AVG_PAYROLL_PER_HEAD,"SAR 9,067",-0.0044,negative,RM-200183,SUP-1005
1023841204,SME,0,0,1,0,RM-Tariq Al-Shamrani (Riyadh Central),-45935.0,-27561.0,-18374.0,0.0,1.0,0.0,0.0,75.0,22.0,36.0,16.0,70.0,,0.0,0.0,1043105.0,1089040.0,2026-05-12,2026-05-11,0,0.1563,Low,47.4392,4957,70.8113,2479,CASA_BAL_DROP_90D_PCT,+17%,-0.0415,negative,DEBIT_COUNT_RATIO_30D_VS_6M,1.14,-0.0311,negative,DIGITAL_LOGIN_30D,55,-0.0182,negative,PEER_PERCENTILE_SEG,68,-0.0089,negative,CREDIT_TXN_VOLUME_30D,SAR 1930K,-0.0049,negative,1,0.7315,High,2.1732,4957,7.4102,2479,LC_VOLUME_180D_DELTA_PCT,-57%,0.3269,positive,LG_OUTSTANDING_LIMIT_USAGE,22%,0.1795,positive,LAST_TRADE_TXN_DAYS_AGO,172,0.1025,positive,IMPORT_LC_COUNT_180D,0,0.0702,positive,EXPORT_COLLECTION_VOL,SAR 17K,0.0494,positive,0,0.199,Low,51.9287,4957,89.0367,2479,FINANCING_UTILIZATION_PCT,82%,-0.0375,negative,DAYS_SINCE_LAST_DRAWDOWN,35,-0.028,negative,MURABAHA_LIMIT_UTIL_180D_AVG,0.76,-0.0229,negative,IJARAH_ACTIVE_CONTRACTS,6,-0.0102,negative,OUTSTANDING_VS_LIMIT_RATIO,0.80,-0.0045,negative,0,0.2216,Low,51.1429,4957,51.0716,2479,PAYROLL_VOL_90D_DELTA_PCT,+7%,-0.0433,negative,PAYROLL_FEE_INCOME_90D_DELTA,+10%,-0.0286,negative,MISSED_PAYROLL_CYCLES,0,-0.0186,negative,HEADCOUNT_DELTA_PCT,+5%,-0.0085,negative,AVG_PAYROLL_PER_HEAD,"SAR 11,750",-0.0055,negative,RM-200066,SUP-1001
1023841205,Enterprise (GTB),0,1,0,0,RM-Dana Al-Rashid (Dammam),-941891.0,-565134.0,-376757.0,0.0,0.0,0.0,0.0,81.0,,,14.0,66.0,,0.0,0.0,40859207.0,41801098.0,2026-05-12,2026-05-11,0,0.1294,Low,69.8363,4957,71.9109,1286,CASA_BAL_DROP_90D_PCT,+12%,-0.0395,negative,DEBIT_COUNT_RATIO_30D_VS_6M,1.20,-0.0333,negative,DIGITAL_LOGIN_30D,44,-0.0184,negative,PEER_PERCENTILE_SEG,76,-0.0092,negative,CREDIT_TXN_VOLUME_30D,SAR 1468K,-0.0043,negative,0,0.2122,Low,81.5134,4957,64.9875,1286,LC_VOLUME_180D_DELTA_PCT,-5%,-0.042,negative,LG_OUTSTANDING_LIMIT_USAGE,64%,-0.0342,negative,LAST_TRADE_TXN_DAYS_AGO,23,-0.02,negative,IMPORT_LC_COUNT_180D,6,-0.0095,negative,EXPORT_COLLECTION_VOL,SAR 750K,-0.0056,negative,1,0.6429,High,7.4627,4957,3.1074,1286,FINANCING_UTILIZATION_PCT,9%,0.268,positive,DAYS_SINCE_LAST_DRAWDOWN,247,0.1745,positive,MURABAHA_LIMIT_UTIL_180D_AVG,0.20,0.1142,positive,IJARAH_ACTIVE_CONTRACTS,0,0.0836,positive,OUTSTANDING_VS_LIMIT_RATIO,0.23,0.0553,positive,0,0.2476,Low,62.1004,4957,61.9331,1286,PAYROLL_VOL_90D_DELTA_PCT,+8%,-0.0426,negative,PAYROLL_FEE_INCOME_90D_DELTA,+2%,-0.0334,negative,MISSED_PAYROLL_CYCLES,0,-0.0207,negative,HEADCOUNT_DELTA_PCT,+5%,-0.0092,negative,AVG_PAYROLL_PER_HEAD,"SAR 7,740",-0.0057,negative,RM-200131,SUP-1001
1023841206,CCB,1,0,0,1,RM-Hind Al-Mutairi (Makkah),-2279714.0,-1367828.0,-911886.0,255389.0,0.0,1.0,1.0,80.0,,,17.0,55.0,13.0,0.0,0.0,4651601.0,6931315.0,2026-05-12,2026-05-11,1,0.6306,High,6.7769,4957,5.0536,608,CASA_BAL_DROP_90D_PCT,-32%,0.2887,positive,DEBIT_COUNT_RATIO_30D_VS_6M,0.38,0.1847,positive,DIGITAL_LOGIN_30D,2,0.1265,positive,PEER_PERCENTILE_SEG,4,0.0721,positive,TENURE_ACCOUNT_MONTHS,84,-0.0516,negative,0,0.1925,Low,55.8373,4957,88.1645,608,LC_VOLUME_180D_DELTA_PCT,+7%,-0.0357,negative,LG_OUTSTANDING_LIMIT_USAGE,68%,-0.0278,negative,LAST_TRADE_TXN_DAYS_AGO,30,-0.021,negative,IMPORT_LC_COUNT_180D,9,-0.0099,negative,EXPORT_COLLECTION_VOL,SAR 461K,-0.0053,negative,0,0.067,Low,87.5356,4957,91.4567,608,FINANCING_UTILIZATION_PCT,90%,-0.0376,negative,DAYS_SINCE_LAST_DRAWDOWN,21,-0.0293,negative,MURABAHA_LIMIT_UTIL_180D_AVG,0.78,-0.0197,negative,IJARAH_ACTIVE_CONTRACTS,6,-0.0115,negative,OUTSTANDING_VS_LIMIT_RATIO,0.75,-0.0044,negative,1,0.7026,High,3.7752,4957,7.895,608,PAYROLL_VOL_90D_DELTA_PCT,-27%,0.257,positive,PAYROLL_FEE_INCOME_90D_DELTA,-36%,0.1865,positive,MISSED_PAYROLL_CYCLES,4,0.1331,positive,HEADCOUNT_DELTA_PCT,-22%,0.0914,positive,AVG_PAYROLL_PER_HEAD,"SAR 6,534",-0.0516,negative,RM-200079,SUP-1002
1023841207,ICB,0,0,0,0,RM-Nasser Al-Shehri (Riyadh Central),-601436.0,-360861.0,-240575.0,0.0,1.0,0.0,0.0,53.0,17.0,50.0,16.0,48.0,,0.0,0.0,116824657.0,117426093.0,2026-05-12,2026-05-11,0,0.1928,Low,75.4994,4957,79.7208,584,CASA_BAL_DROP_90D_PCT,+6%,-0.0419,negative,DEBIT_COUNT_RATIO_30D_VS_6M,1.18,-0.0312,negative,DIGITAL_LOGIN_30D,39,-0.0209,negative,PEER_PERCENTILE_SEG,52,-0.0109,negative,CREDIT_TXN_VOLUME_30D,SAR 1999K,-0.0051,negative,0,0.3329,Medium,33.6444,4957,27.2275,584,LC_VOLUME_180D_DELTA_PCT,-16%,0.1462,positive,LG_OUTSTANDING_LIMIT_USAGE,52%,0.089,positive,LAST_TRADE_TXN_DAYS_AGO,68,0.0779,positive,IMPORT_LC_COUNT_180D,3,-0.0505,negative,EXPORT_COLLECTION_VOL,SAR 145K,-0.033,negative,0,0.2602,Low,87.4885,4957,90.5649,584,FINANCING_UTILIZATION_PCT,87%,-0.0375,negative,DAYS_SINCE_LAST_DRAWDOWN,12,-0.0285,negative,MURABAHA_LIMIT_UTIL_180D_AVG,0.72,-0.0198,negative,IJARAH_ACTIVE_CONTRACTS,4,-0.0108,negative,OUTSTANDING_VS_LIMIT_RATIO,0.83,-0.0055,negative,0,0.2754,Low,88.5271,4957,83.4019,584,PAYROLL_VOL_90D_DELTA_PCT,+7%,-0.0384,negative,PAYROLL_FEE_INCOME_90D_DELTA,+10%,-0.0256,negative,MISSED_PAYROLL_CYCLES,0,-0.0177,negative,HEADCOUNT_DELTA_PCT,+5%,-0.0096,negative,AVG_PAYROLL_PER_HEAD,"SAR 10,043",-0.0051,negative,RM-200170,SUP-1004
1023841208,SME,0,0,0,1,RM-Faisal Al-Harbi (Dammam),-299218.0,-179530.0,-119688.0,176240.0,0.0,1.0,2.0,103.0,,,15.0,50.0,53.0,0.0,0.0,2215234.0,2514452.0,2026-05-12,2026-05-11,0,0.3158,Medium,32.3578,4957,36.5502,2479,CASA_BAL_DROP_90D_PCT,-16%,0.1411,positive,DEBIT_COUNT_RATIO_30D_VS_6M,0.56,0.0885,positive,DIGITAL_LOGIN_30D,15,-0.0603,negative,PEER_PERCENTILE_SEG,27,0.0442,positive,CREDIT_TXN_VOLUME_30D,SAR 84K,-0.0335,negative,0,0.1394,Low,61.6955,4957,89.7728,2479,LC_VOLUME_180D_DELTA_PCT,+6%,-0.0424,negative,LG_OUTSTANDING_LIMIT_USAGE,64%,-0.0322,negative,LAST_TRADE_TXN_DAYS_AGO,25,-0.0223,negative,IMPORT_LC_COUNT_180D,12,-0.0088,negative,EXPORT_COLLECTION_VOL,SAR 586K,-0.0052,negative,0,0.0575,Low,61.6738,4957,67.5089,2479,FINANCING_UTILIZATION_PCT,87%,-0.0454,negative,DAYS_SINCE_LAST_DRAWDOWN,28,-0.0288,negative,MURABAHA_LIMIT_UTIL_180D_AVG,0.94,-0.0203,negative,IJARAH_ACTIVE_CONTRACTS,6,-0.0096,negative,OUTSTANDING_VS_LIMIT_RATIO,0.89,-0.0047,negative,1,0.8383,High,6.9451,4957,3.6417,2479,PAYROLL_VOL_90D_DELTA_PCT,-35%,0.2741,positive,PAYROLL_FEE_INCOME_90D_DELTA,-18%,0.2058,positive,MISSED_PAYROLL_CYCLES,3,0.1038,positive,HEADCOUNT_DELTA_PCT,-10%,0.0738,positive,AVG_PAYROLL_PER_HEAD,"SAR 5,340",-0.0543,negative,RM-200014,SUP-1002
1023841209,Enterprise (GTB),0,0,0,1,RM-Faisal Al-Harbi (Dammam),4906457.0,2943874.0,1962583.0,376441.0,0.0,1.0,1.0,128.0,,,11.0,45.0,50.0,0.0,0.0,45192255.0,40285798.0,2026-05-12,2026-05-11,0,0.0507,Low,83.6283,4957,54.3663,1286,CASA_BAL_DROP_90D_PCT,+10%,-0.0356,negative,DEBIT_COUNT_RATIO_30D_VS_6M,0.98,-0.0327,negative,DIGITAL_LOGIN_30D,28,-0.0222,negative,PEER_PERCENTILE_SEG,65,-0.0085,negative,CREDIT_TXN_VOLUME_30D,SAR 532K,-0.0051,negative,0,0.0901,Low,47.358,4957,80.6356,1286,LC_VOLUME_180D_DELTA_PCT,-5%,-0.0403,negative,LG_OUTSTANDING_LIMIT_USAGE,71%,-0.0295,negative,LAST_TRADE_TXN_DAYS_AGO,8,-0.0201,negative,IMPORT_LC_COUNT_180D,8,-0.0099,negative,EXPORT_COLLECTION_VOL,SAR 344K,-0.0057,negative,0,0.2173,Low,85.8938,4957,76.9917,1286,FINANCING_UTILIZATION_PCT,80%,-0.0376,negative,DAYS_SINCE_LAST_DRAWDOWN,8,-0.0342,negative,MURABAHA_LIMIT_UTIL_180D_AVG,0.91,-0.023,negative,IJARAH_ACTIVE_CONTRACTS,3,-0.0098,negative,OUTSTANDING_VS_LIMIT_RATIO,0.88,-0.005,negative,1,0.6369,High,2.4847,4957,7.2581,1286,PAYROLL_VOL_90D_DELTA_PCT,-23%,0.2609,positive,PAYROLL_FEE_INCOME_90D_DELTA,-36%,0.2075,positive,MISSED_PAYROLL_CYCLES,3,0.1217,positive,HEADCOUNT_DELTA_PCT,-17%,0.0771,positive,AVG_PAYROLL_PER_HEAD,"SAR 6,358",-0.0505,negative,RM-200014,SUP-1002
1023841210,CCB,1,0,1,0,RM-Lina Al-Ghamdi (Riyadh West),-3318604.0,-1991162.0,-1327442.0,0.0,1.0,0.0,0.0,113.0,9.0,71.0,17.0,49.0,,0.0,0.0,10217547.0,13536151.0,2026-05-12,2026-05-11,1,0.7189,High,7.3285,4957,5.8967,608,CASA_BAL_DROP_90D_PCT,-40%,0.3295,positive,DEBIT_COUNT_RATIO_30D_VS_6M,0.32,0.195,positive,DIGITAL_LOGIN_30D,3,0.1174,positive,PEER_PERCENTILE_SEG,5,0.077,positive,TENURE_ACCOUNT_MONTHS,90,-0.0528,negative,1,0.6354,High,6.9906,4957,3.6526,608,LC_VOLUME_180D_DELTA_PCT,-58%,0.2637,positive,LG_OUTSTANDING_LIMIT_USAGE,9%,0.1924,positive,LAST_TRADE_TXN_DAYS_AGO,195,0.122,positive,IMPORT_LC_COUNT_180D,1,0.091,positive,EXPORT_COLLECTION_VOL,SAR 36K,0.0526,positive,0,0.1313,Low,74.9403,4957,81.0125,608,FINANCING_UTILIZATION_PCT,83%,-0.0444,negative,DAYS_SINCE_LAST_DRAWDOWN,23,-0.026,negative,MURABAHA_LIMIT_UTIL_180D_AVG,0.79,-0.0206,negative,IJARAH_ACTIVE_CONTRACTS,4,-0.0102,negative,OUTSTANDING_VS_LIMIT_RATIO,0.77,-0.0045,negative,0,0.2449,Low,60.7551,4957,72.4757,608,PAYROLL_VOL_90D_DELTA_PCT,+5%,-0.0354,negative,PAYROLL_FEE_INCOME_90D_DELTA,+8%,-0.0307,negative,MISSED_PAYROLL_CYCLES,0,-0.0221,negative,HEADCOUNT_DELTA_PCT,+10%,-0.0114,negative,AVG_PAYROLL_PER_HEAD,"SAR 11,560",-0.0052,negative,RM-200105,SUP-1004
1023841211,SME,0,1,0,0,RM-Sara Al-Mansouri (Jeddah),-74397.0,-44638.0,-29759.0,0.0,0.0,0.0,0.0,130.0,,,17.0,53.0,,0.0,0.0,2077154.0,2151551.0,2026-05-12,2026-05-11,0,0.0567,Low,57.2972,4957,81.546,2479,CASA_BAL_DROP_90D_PCT,+13%,-0.0451,negative,DEBIT_COUNT_RATIO_30D_VS_6M,1.17,-0.0256,negative,DIGITAL_LOGIN_30D,45,-0.0204,negative,PEER_PERCENTILE_SEG,90,-0.0087,negative,CREDIT_TXN_VOLUME_30D,SAR 687K,-0.0057,negative,0,0.2216,Low,54.681,4957,66.4726,2479,LC_VOLUME_180D_DELTA_PCT,+4%,-0.0381,negative,LG_OUTSTANDING_LIMIT_USAGE,84%,-0.032,negative,LAST_TRADE_TXN_DAYS_AGO,24,-0.0226,negative,IMPORT_LC_COUNT_180D,5,-0.0088,negative,EXPORT_COLLECTION_VOL,SAR 1072K,-0.0045,negative,1,0.7621,High,6.0438,4957,4.9047,2479,FINANCING_UTILIZATION_PCT,20%,0.3146,positive,DAYS_SINCE_LAST_DRAWDOWN,286,0.2064,positive,MURABAHA_LIMIT_UTIL_180D_AVG,0.21,0.1118,positive,IJARAH_ACTIVE_CONTRACTS,0,0.0707,positive,OUTSTANDING_VS_LIMIT_RATIO,0.14,0.0489,positive,0,0.2061,Low,66.8985,4957,77.3538,2479,PAYROLL_VOL_90D_DELTA_PCT,+7%,-0.0345,negative,PAYROLL_FEE_INCOME_90D_DELTA,+2%,-0.0344,negative,MISSED_PAYROLL_CYCLES,0,-0.017,negative,HEADCOUNT_DELTA_PCT,+4%,-0.0094,negative,AVG_PAYROLL_PER_HEAD,"SAR 9,093",-0.0054,negative,RM-200001,SUP-1001
1023841212,ICB,1,0,0,0,RM-Reem Al-Dosari (Khobar),-42265791.0,-25359474.0,-16906317.0,0.0,0.0,0.0,0.0,87.0,,,17.0,63.0,,0.0,0.0,128079674.0,170345465.0,2026-05-12,2026-05-11,1,0.6604,High,4.2812,4957,7.9257,584,CASA_BAL_DROP_90D_PCT,-39%,0.3,positive,DEBIT_COUNT_RATIO_30D_VS_6M,0.47,0.1743,positive,DIGITAL_LOGIN_30D,1,0.1035,positive,PEER_PERCENTILE_SEG,4,0.079,positive,TENURE_ACCOUNT_MONTHS,96,-0.0554,negative,0,0.1487,Low,63.199,4957,76.1662,584,LC_VOLUME_180D_DELTA_PCT,+2%,-0.0375,negative,LG_OUTSTANDING_LIMIT_USAGE,65%,-0.0342,negative,LAST_TRADE_TXN_DAYS_AGO,24,-0.0218,negative,IMPORT_LC_COUNT_180D,10,-0.0099,negative,EXPORT_COLLECTION_VOL,SAR 1164K,-0.0044,negative,0,0.0743,Low,64.6054,4957,65.6198,584,FINANCING_UTILIZATION_PCT,87%,-0.0349,negative,DAYS_SINCE_LAST_DRAWDOWN,26,-0.0283,negative,MURABAHA_LIMIT_UTIL_180D_AVG,0.89,-0.0183,negative,IJARAH_ACTIVE_CONTRACTS,3,-0.0087,negative,OUTSTANDING_VS_LIMIT_RATIO,0.70,-0.005,negative,0,0.2285,Low,60.7995,4957,90.1618,584,PAYROLL_VOL_90D_DELTA_PCT,+3%,-0.0417,negative,PAYROLL_FEE_INCOME_90D_DELTA,+4%,-0.0276,negative,MISSED_PAYROLL_CYCLES,0,-0.0185,negative,HEADCOUNT_DELTA_PCT,+3%,-0.009,negative,AVG_PAYROLL_PER_HEAD,"SAR 7,617",-0.0054,negative,RM-200053,SUP-1005
1023841213,SME,0,0,0,0,RM-Noura Al-Qahtani (Riyadh South),-470096.0,-282057.0,-188039.0,0.0,1.0,0.0,0.0,83.0,24.0,64.0,16.0,72.0,,0.0,1.0,2420779.0,2890875.0,2026-05-12,2026-05-11,0,0.4607,Medium,34.798,4957,27.1713,2479,CASA_BAL_DROP_90D_PCT,-15%,0.1712,positive,DEBIT_COUNT_RATIO_30D_VS_6M,0.57,0.0895,positive,DIGITAL_LOGIN_30D,12,-0.0688,negative,PEER_PERCENTILE_SEG,38,0.0544,positive,CREDIT_TXN_VOLUME_30D,SAR 179K,-0.026,negative,0,0.3185,Medium,26.9261,4957,22.6017,2479,LC_VOLUME_180D_DELTA_PCT,-19%,0.1441,positive,LG_OUTSTANDING_LIMIT_USAGE,37%,0.0873,positive,LAST_TRADE_TXN_DAYS_AGO,77,0.0724,positive,IMPORT_LC_COUNT_180D,4,-0.0483,negative,EXPORT_COLLECTION_VOL,SAR 90K,-0.0305,negative,0,0.1534,Low,81.4417,4957,76.6808,2479,FINANCING_UTILIZATION_PCT,75%,-0.0379,negative,DAYS_SINCE_LAST_DRAWDOWN,8,-0.03,negative,MURABAHA_LIMIT_UTIL_180D_AVG,0.90,-0.0197,negative,IJARAH_ACTIVE_CONTRACTS,3,-0.011,negative,OUTSTANDING_VS_LIMIT_RATIO,0.69,-0.005,negative,0,0.107,Low,64.6991,4957,67.3346,2479,PAYROLL_VOL_90D_DELTA_PCT,+3%,-0.0403,negative,PAYROLL_FEE_INCOME_90D_DELTA,+6%,-0.0288,negative,MISSED_PAYROLL_CYCLES,0,-0.0193,negative,HEADCOUNT_DELTA_PCT,+10%,-0.0108,negative,AVG_PAYROLL_PER_HEAD,"SAR 9,741",-0.0043,negative,RM-200027,SUP-1003
1023841214,Enterprise (GTB),0,0,0,0,RM-Faisal Al-Harbi (Dammam),-3439568.0,-2063740.0,-1375828.0,555341.0,0.0,1.0,2.0,60.0,,,17.0,60.0,50.0,0.0,0.0,30125172.0,33564740.0,2026-05-12,2026-05-11,0,0.5183,Medium,25.0004,4957,31.3238,1286,CASA_BAL_DROP_90D_PCT,-15%,0.1339,positive,DEBIT_COUNT_RATIO_30D_VS_6M,0.71,0.0943,positive,DIGITAL_LOGIN_30D,10,-0.0734,negative,PEER_PERCENTILE_SEG,22,0.0514,positive,CREDIT_TXN_VOLUME_30D,SAR 146K,-0.0283,negative,0,0.198,Low,59.7814,4957,53.6229,1286,LC_VOLUME_180D_DELTA_PCT,-7%,-0.0424,negative,LG_OUTSTANDING_LIMIT_USAGE,76%,-0.0315,negative,LAST_TRADE_TXN_DAYS_AGO,16,-0.0192,negative,IMPORT_LC_COUNT_180D,8,-0.0094,negative,EXPORT_COLLECTION_VOL,SAR 1084K,-0.0048,negative,0,0.1618,Low,55.1944,4957,54.0529,1286,FINANCING_UTILIZATION_PCT,87%,-0.0349,negative,DAYS_SINCE_LAST_DRAWDOWN,37,-0.0326,negative,MURABAHA_LIMIT_UTIL_180D_AVG,0.91,-0.0216,negative,IJARAH_ACTIVE_CONTRACTS,3,-0.0112,negative,OUTSTANDING_VS_LIMIT_RATIO,0.87,-0.0052,negative,0,0.4545,Medium,28.9587,4957,24.468,1286,PAYROLL_VOL_90D_DELTA_PCT,-7%,0.1356,positive,PAYROLL_FEE_INCOME_90D_DELTA,-5%,0.1066,positive,MISSED_PAYROLL_CYCLES,0,0.0681,positive,HEADCOUNT_DELTA_PCT,-6%,0.057,positive,AVG_PAYROLL_PER_HEAD,"SAR 7,838",-0.0281,negative,RM-200014,SUP-1002
1023841215,CCB,0,0,0,0,RM-Ahmed Al-Zahrani (Jeddah),1221830.0,733098.0,488732.0,641798.0,1.0,1.0,1.0,139.0,17.0,72.0,13.0,65.0,30.0,0.0,0.0,11959220.0,10737390.0,2026-05-12,2026-05-11,0,0.229,Low,67.6308,4957,66.4211,608,CASA_BAL_DROP_90D_PCT,+8%,-0.0359,negative,DEBIT_COUNT_RATIO_30D_VS_6M,0.98,-0.0327,negative,DIGITAL_LOGIN_30D,50,-0.0185,negative,PEER_PERCENTILE_SEG,85,-0.0111,negative,CREDIT_TXN_VOLUME_30D,SAR 1956K,-0.0057,negative,0,0.2446,Low,83.3025,4957,60.5428,608,LC_VOLUME_180D_DELTA_PCT,+5%,-0.0432,negative,LG_OUTSTANDING_LIMIT_USAGE,64%,-0.0336,negative,LAST_TRADE_TXN_DAYS_AGO,7,-0.022,negative,IMPORT_LC_COUNT_180D,8,-0.0113,negative,EXPORT_COLLECTION_VOL,SAR 657K,-0.0055,negative,0,0.264,Low,63.6704,4957,65.444,608,FINANCING_UTILIZATION_PCT,72%,-0.0385,negative,DAYS_SINCE_LAST_DRAWDOWN,28,-0.0345,negative,MURABAHA_LIMIT_UTIL_180D_AVG,0.78,-0.0183,negative,IJARAH_ACTIVE_CONTRACTS,5,-0.0088,negative,OUTSTANDING_VS_LIMIT_RATIO,0.68,-0.0054,negative,0,0.116,Low,82.3393,4957,78.6272,608,PAYROLL_VOL_90D_DELTA_PCT,+8%,-0.0357,negative,PAYROLL_FEE_INCOME_90D_DELTA,+2%,-0.0295,negative,MISSED_PAYROLL_CYCLES,0,-0.0224,negative,HEADCOUNT_DELTA_PCT,+4%,-0.0086,negative,AVG_PAYROLL_PER_HEAD,"SAR 11,495",-0.0055,negative,RM-200040,SUP-1004
1023841216,ICB,0,0,1,0,RM-Walid Al-Zahrani (Riyadh East),-29701326.0,-17820795.0,-11880531.0,0.0,1.0,0.0,0.0,123.0,15.0,51.0,10.0,43.0,,0.0,0.0,181672584.0,211373910.0,2026-05-12,2026-05-11,0,0.3119,Medium,26.2974,4957,34.7024,584,CASA_BAL_DROP_90D_PCT,-11%,0.1481,positive,DEBIT_COUNT_RATIO_30D_VS_6M,0.67,0.1101,positive,DIGITAL_LOGIN_30D,18,-0.0708,negative,PEER_PERCENTILE_SEG,27,0.0502,positive,CREDIT_TXN_VOLUME_30D,SAR 124K,-0.032,negative,1,0.7187,High,5.6889,4957,4.6839,584,LC_VOLUME_180D_DELTA_PCT,-56%,0.2925,positive,LG_OUTSTANDING_LIMIT_USAGE,21%,0.2101,positive,LAST_TRADE_TXN_DAYS_AGO,128,0.1371,positive,IMPORT_LC_COUNT_180D,0,0.0909,positive,EXPORT_COLLECTION_VOL,SAR 40K,0.0484,positive,0,0.3109,Medium,25.8032,4957,27.9728,584,FINANCING_UTILIZATION_PCT,41%,0.1611,positive,DAYS_SINCE_LAST_DRAWDOWN,102,0.1087,positive,MURABAHA_LIMIT_UTIL_180D_AVG,0.48,0.0646,positive,IJARAH_ACTIVE_CONTRACTS,2,0.0441,positive,OUTSTANDING_VS_LIMIT_RATIO,0.42,-0.0267,negative,0,0.1279,Low,73.9258,4957,84.5369,584,PAYROLL_VOL_90D_DELTA_PCT,+8%,-0.0422,negative,PAYROLL_FEE_INCOME_90D_DELTA,+4%,-0.0312,negative,MISSED_PAYROLL_CYCLES,0,-0.0174,negative,HEADCOUNT_DELTA_PCT,+8%,-0.0108,negative,AVG_PAYROLL_PER_HEAD,"SAR 8,651",-0.0043,negative,RM-200144,SUP-1002
1023841217,SME,1,1,0,0,RM-Sara Al-Mansouri (Jeddah),-860350.0,-516210.0,-344140.0,0.0,0.0,0.0,0.0,29.0,,,11.0,29.0,,0.0,0.0,2459076.0,3319426.0,2026-05-12,2026-05-11,1,0.7385,High,7.9347,4957,6.8012,2479,CASA_BAL_DROP_90D_PCT,-34%,0.2778,positive,DEBIT_COUNT_RATIO_30D_VS_6M,0.47,0.1872,positive,DIGITAL_LOGIN_30D,3,0.1037,positive,PEER_PERCENTILE_SEG,8,0.0746,positive,TENURE_ACCOUNT_MONTHS,85,-0.0491,negative,0,0.221,Low,85.2587,4957,65.0124,2479,LC_VOLUME_180D_DELTA_PCT,+7%,-0.0457,negative,LG_OUTSTANDING_LIMIT_USAGE,85%,-0.03,negative,LAST_TRADE_TXN_DAYS_AGO,30,-0.0201,negative,IMPORT_LC_COUNT_180D,11,-0.0087,negative,EXPORT_COLLECTION_VOL,SAR 916K,-0.0044,negative,1,0.8489,High,3.0827,4957,5.0564,2479,FINANCING_UTILIZATION_PCT,15%,0.2642,positive,DAYS_SINCE_LAST_DRAWDOWN,258,0.2097,positive,MURABAHA_LIMIT_UTIL_180D_AVG,0.20,0.1181,positive,IJARAH_ACTIVE_CONTRACTS,0,0.072,positive,OUTSTANDING_VS_LIMIT_RATIO,0.17,0.0492,positive,0,0.2172,Low,86.0223,4957,75.0535,2479,PAYROLL_VOL_90D_DELTA_PCT,+1%,-0.0392,negative,PAYROLL_FEE_INCOME_90D_DELTA,+8%,-0.0262,negative,MISSED_PAYROLL_CYCLES,0,-0.0192,negative,HEADCOUNT_DELTA_PCT,+3%,-0.0109,negative,AVG_PAYROLL_PER_HEAD,"SAR 8,169",-0.0057,negative,RM-200001,SUP-1001
1023841218,Enterprise (GTB),1,0,0,1,RM-Nasser Al-Shehri (Riyadh Central),-22900254.0,-13740152.0,-9160102.0,609457.0,1.0,1.0,1.0,28.0,8.0,28.0,18.0,28.0,28.0,0.0,0.0,48773527.0,71673781.0,2026-05-12,2026-05-11,1,0.7033,High,7.6968,4957,3.2267,1286,CASA_BAL_DROP_90D_PCT,-42%,0.2688,positive,DEBIT_COUNT_RATIO_30D_VS_6M,0.37,0.2269,positive,DIGITAL_LOGIN_30D,5,0.1295,positive,PEER_PERCENTILE_SEG,8,0.0713,positive,TENURE_ACCOUNT_MONTHS,101,-0.0485,negative,0,0.3697,Medium,34.4078,4957,22.4146,1286,LC_VOLUME_180D_DELTA_PCT,-22%,0.1359,positive,LG_OUTSTANDING_LIMIT_USAGE,38%,0.1124,positive,LAST_TRADE_TXN_DAYS_AGO,61,0.065,positive,IMPORT_LC_COUNT_180D,2,-0.0531,negative,EXPORT_COLLECTION_VOL,SAR 153K,-0.0345,negative,0,0.4735,Medium,34.9794,4957,25.2029,1286,FINANCING_UTILIZATION_PCT,32%,0.1336,positive,DAYS_SINCE_LAST_DRAWDOWN,137,0.0986,positive,MURABAHA_LIMIT_UTIL_180D_AVG,0.55,0.0745,positive,IJARAH_ACTIVE_CONTRACTS,2,0.0547,positive,OUTSTANDING_VS_LIMIT_RATIO,0.49,-0.0315,negative,1,0.7465,High,3.7422,4957,5.0997,1286,PAYROLL_VOL_90D_DELTA_PCT,-35%,0.2692,positive,PAYROLL_FEE_INCOME_90D_DELTA,-29%,0.1804,positive,MISSED_PAYROLL_CYCLES,2,0.1203,positive,HEADCOUNT_DELTA_PCT,-20%,0.0916,positive,AVG_PAYROLL_PER_HEAD,"SAR 7,737",-0.0446,negative,RM-200170,SUP-1004
1023841219,CCB,0,0,1,0,RM-Saad Al-Anazi (Madinah),267779.0,160667.0,107112.0,0.0,1.0,0.0,0.0,97.0,17.0,65.0,18.0,71.0,,0.0,0.0,3440972.0,3173193.0,2026-05-12,2026-05-11,0,0.0798,Low,84.7911,4957,50.8929,608,CASA_BAL_DROP_90D_PCT,+17%,-0.0388,negative,DEBIT_COUNT_RATIO_30D_VS_6M,1.14,-0.0302,negative,DIGITAL_LOGIN_30D,24,-0.0219,negative,PEER_PERCENTILE_SEG,70,-0.0089,negative,CREDIT_TXN_VOLUME_30D,SAR 1421K,-0.0052,negative,1,0.7271,High,5.1042,4957,3.8983,608,LC_VOLUME_180D_DELTA_PCT,-52%,0.3296,positive,LG_OUTSTANDING_LIMIT_USAGE,10%,0.2084,positive,LAST_TRADE_TXN_DAYS_AGO,136,0.1296,positive,IMPORT_LC_COUNT_180D,0,0.0784,positive,EXPORT_COLLECTION_VOL,SAR 43K,0.055,positive,0,0.0852,Low,52.4096,4957,62.1971,608,FINANCING_UTILIZATION_PCT,71%,-0.0425,negative,DAYS_SINCE_LAST_DRAWDOWN,38,-0.034,negative,MURABAHA_LIMIT_UTIL_180D_AVG,0.91,-0.0224,negative,IJARAH_ACTIVE_CONTRACTS,5,-0.0093,negative,OUTSTANDING_VS_LIMIT_RATIO,0.73,-0.0044,negative,0,0.1727,Low,67.6158,4957,55.42,608,PAYROLL_VOL_90D_DELTA_PCT,+3%,-0.0453,negative,PAYROLL_FEE_INCOME_90D_DELTA,+7%,-0.027,negative,MISSED_PAYROLL_CYCLES,0,-0.0221,negative,HEADCOUNT_DELTA_PCT,+1%,-0.0102,negative,AVG_PAYROLL_PER_HEAD,"SAR 11,724",-0.0044,negative,RM-200092,SUP-1003
1023841220,ICB,0,0,0,0,RM-Reem Al-Dosari (Khobar),-327608.0,-196564.0,-131044.0,586822.0,1.0,1.0,0.0,103.0,21.0,70.0,10.0,77.0,31.0,0.0,0.0,96588443.0,96916051.0,2026-05-12,2026-05-11,0,0.1611,Low,81.211,4957,78.1396,584,CASA_BAL_DROP_90D_PCT,+4%,-0.0376,negative,DEBIT_COUNT_RATIO_30D_VS_6M,0.99,-0.0317,negative,DIGITAL_LOGIN_30D,49,-0.0195,negative,PEER_PERCENTILE_SEG,88,-0.0091,negative,CREDIT_TXN_VOLUME_30D,SAR 1971K,-0.0045,negative,0,0.1234,Low,89.4611,4957,63.1963,584,LC_VOLUME_180D_DELTA_PCT,+6%,-0.0388,negative,LG_OUTSTANDING_LIMIT_USAGE,70%,-0.0306,negative,LAST_TRADE_TXN_DAYS_AGO,8,-0.0185,negative,IMPORT_LC_COUNT_180D,8,-0.0093,negative,EXPORT_COLLECTION_VOL,SAR 351K,-0.0045,negative,0,0.1167,Low,62.2867,4957,75.0766,584,FINANCING_UTILIZATION_PCT,87%,-0.037,negative,DAYS_SINCE_LAST_DRAWDOWN,25,-0.0336,negative,MURABAHA_LIMIT_UTIL_180D_AVG,0.88,-0.0226,negative,IJARAH_ACTIVE_CONTRACTS,4,-0.0091,negative,OUTSTANDING_VS_LIMIT_RATIO,0.78,-0.005,negative,0,0.1647,Low,58.8843,4957,49.0198,584,PAYROLL_VOL_90D_DELTA_PCT,+8%,-0.0453,negative,PAYROLL_FEE_INCOME_90D_DELTA,+5%,-0.0342,negative,MISSED_PAYROLL_CYCLES,0,-0.0205,negative,HEADCOUNT_DELTA_PCT,+5%,-0.0086,negative,AVG_PAYROLL_PER_HEAD,"SAR 10,855",-0.005,negative,RM-200053,SUP-1005
1023841221,SME,0,0,1,0,RM-Reem Al-Dosari (Khobar),-194914.0,-116948.0,-77966.0,262718.0,1.0,1.0,1.0,79.0,14.0,59.0,18.0,61.0,35.0,0.0,0.0,1925522.0,2120436.0,2026-05-12,2026-05-11,0,0.3113,Medium,20.7674,4957,30.9891,2479,CASA_BAL_DROP_90D_PCT,-14%,0.1438,positive,DEBIT_COUNT_RATIO_30D_VS_6M,0.68,0.0872,positive,DIGITAL_LOGIN_30D,12,-0.0756,negative,PEER_PERCENTILE_SEG,39,0.0549,positive,CREDIT_TXN_VOLUME_30D,SAR 80K,-0.0316,negative,1,0.6496,High,2.5801,4957,5.6124,2479,LC_VOLUME_180D_DELTA_PCT,-52%,0.3438,positive,LG_OUTSTANDING_LIMIT_USAGE,9%,0.2263,positive,LAST_TRADE_TXN_DAYS_AGO,185,0.1092,positive,IMPORT_LC_COUNT_180D,0,0.0776,positive,EXPORT_COLLECTION_VOL,SAR 18K,0.0432,positive,0,0.2141,Low,81.1785,4957,70.8506,2479,FINANCING_UTILIZATION_PCT,88%,-0.0358,negative,DAYS_SINCE_LAST_DRAWDOWN,25,-0.0301,negative,MURABAHA_LIMIT_UTIL_180D_AVG,0.78,-0.0226,negative,IJARAH_ACTIVE_CONTRACTS,5,-0.0097,negative,OUTSTANDING_VS_LIMIT_RATIO,0.78,-0.0051,negative,0,0.4274,Medium,27.3477,4957,31.0068,2479,PAYROLL_VOL_90D_DELTA_PCT,-5%,0.1489,positive,PAYROLL_FEE_INCOME_90D_DELTA,-6%,0.0961,positive,MISSED_PAYROLL_CYCLES,1,0.0801,positive,HEADCOUNT_DELTA_PCT,-2%,0.0545,positive,AVG_PAYROLL_PER_HEAD,"SAR 7,087",-0.0309,negative,RM-200053,SUP-1005
1023841222,Enterprise (GTB),0,1,0,0,RM-Dana Al-Rashid (Dammam),1614058.0,968434.0,645624.0,0.0,0.0,0.0,0.0,116.0,,,6.0,73.0,,0.0,0.0,46820755.0,45206697.0,2026-05-12,2026-05-11,0,0.1605,Low,68.5905,4957,79.732,1286,CASA_BAL_DROP_90D_PCT,+14%,-0.0433,negative,DEBIT_COUNT_RATIO_30D_VS_6M,1.12,-0.0268,negative,DIGITAL_LOGIN_30D,27,-0.0172,negative,PEER_PERCENTILE_SEG,78,-0.0091,negative,CREDIT_TXN_VOLUME_30D,SAR 810K,-0.0047,negative,0,0.4032,Medium,23.0584,4957,30.0291,1286,LC_VOLUME_180D_DELTA_PCT,-25%,0.155,positive,LG_OUTSTANDING_LIMIT_USAGE,36%,0.1112,positive,LAST_TRADE_TXN_DAYS_AGO,78,0.0743,positive,IMPORT_LC_COUNT_180D,3,-0.0456,negative,EXPORT_COLLECTION_VOL,SAR 202K,-0.0345,negative,1,0.7409,High,3.8825,4957,4.2123,1286,FINANCING_UTILIZATION_PCT,15%,0.3371,positive,DAYS_SINCE_LAST_DRAWDOWN,353,0.2028,positive,MURABAHA_LIMIT_UTIL_180D_AVG,0.20,0.1298,positive,IJARAH_ACTIVE_CONTRACTS,0,0.0834,positive,OUTSTANDING_VS_LIMIT_RATIO,0.19,0.0529,positive,0,0.0942,Low,56.0934,4957,72.5558,1286,PAYROLL_VOL_90D_DELTA_PCT,+5%,-0.0367,negative,PAYROLL_FEE_INCOME_90D_DELTA,+5%,-0.0324,negative,MISSED_PAYROLL_CYCLES,0,-0.0211,negative,HEADCOUNT_DELTA_PCT,+8%,-0.01,negative,AVG_PAYROLL_PER_HEAD,"SAR 9,240",-0.0048,negative,RM-200131,SUP-1001
1023841223,CCB,1,0,0,0,RM-Reem Al-Dosari (Khobar),-2236668.0,-1342000.0,-894668.0,0.0,0.0,0.0,0.0,93.0,,,12.0,61.0,,0.0,0.0,5044708.0,7281376.0,2026-05-12,2026-05-11,1,0.8082,High,7.7277,4957,8.6323,608,CASA_BAL_DROP_90D_PCT,-37%,0.2811,positive,DEBIT_COUNT_RATIO_30D_VS_6M,0.32,0.2273,positive,DIGITAL_LOGIN_30D,3,0.1353,positive,PEER_PERCENTILE_SEG,6,0.0859,positive,TENURE_ACCOUNT_MONTHS,94,-0.0455,negative,0,0.1124,Low,70.2908,4957,59.9513,608,LC_VOLUME_180D_DELTA_PCT,-3%,-0.0353,negative,LG_OUTSTANDING_LIMIT_USAGE,76%,-0.026,negative,LAST_TRADE_TXN_DAYS_AGO,12,-0.0184,negative,IMPORT_LC_COUNT_180D,11,-0.0087,negative,EXPORT_COLLECTION_VOL,SAR 783K,-0.0047,negative,0,0.3251,Medium,31.5615,4957,22.0829,608,FINANCING_UTILIZATION_PCT,35%,0.1523,positive,DAYS_SINCE_LAST_DRAWDOWN,139,0.0972,positive,MURABAHA_LIMIT_UTIL_180D_AVG,0.45,0.078,positive,IJARAH_ACTIVE_CONTRACTS,2,0.0523,positive,OUTSTANDING_VS_LIMIT_RATIO,0.48,-0.0284,negative,0,0.2588,Low,49.0257,4957,73.2619,608,PAYROLL_VOL_90D_DELTA_PCT,+1%,-0.0404,negative,PAYROLL_FEE_INCOME_90D_DELTA,+4%,-0.0337,negative,MISSED_PAYROLL_CYCLES,0,-0.0195,negative,HEADCOUNT_DELTA_PCT,+1%,-0.011,negative,AVG_PAYROLL_PER_HEAD,"SAR 10,252",-0.0057,negative,RM-200053,SUP-1005
1023841224,ICB,0,0,0,1,RM-Mona Al-Harbi (Jeddah South),19501206.0,11700723.0,7800483.0,453528.0,0.0,1.0,0.0,136.0,,,6.0,55.0,48.0,0.0,0.0,172978602.0,153477396.0,2026-05-12,2026-05-11,0,0.1886,Low,86.7805,4957,62.7419,584,CASA_BAL_DROP_90D_PCT,+18%,-0.0395,negative,DEBIT_COUNT_RATIO_30D_VS_6M,1.18,-0.0299,negative,DIGITAL_LOGIN_30D,49,-0.0221,negative,PEER_PERCENTILE_SEG,57,-0.0093,negative,CREDIT_TXN_VOLUME_30D,SAR 1997K,-0.0047,negative,0,0.1556,Low,56.5769,4957,56.1928,584,LC_VOLUME_180D_DELTA_PCT,+6%,-0.0428,negative,LG_OUTSTANDING_LIMIT_USAGE,66%,-0.0316,negative,LAST_TRADE_TXN_DAYS_AGO,25,-0.0181,negative,IMPORT_LC_COUNT_180D,11,-0.0112,negative,EXPORT_COLLECTION_VOL,SAR 388K,-0.005,negative,0,0.4002,Medium,21.4308,4957,37.707,584,FINANCING_UTILIZATION_PCT,37%,0.149,positive,DAYS_SINCE_LAST_DRAWDOWN,104,0.0852,positive,MURABAHA_LIMIT_UTIL_180D_AVG,0.50,0.0644,positive,IJARAH_ACTIVE_CONTRACTS,2,0.0568,positive,OUTSTANDING_VS_LIMIT_RATIO,0.46,-0.0307,negative,1,0.6802,High,4.1573,4957,4.6541,584,PAYROLL_VOL_90D_DELTA_PCT,-29%,0.3151,positive,PAYROLL_FEE_INCOME_90D_DELTA,-30%,0.1884,positive,MISSED_PAYROLL_CYCLES,4,0.1267,positive,HEADCOUNT_DELTA_PCT,-19%,0.0865,positive,AVG_PAYROLL_PER_HEAD,"SAR 8,252",-0.0443,negative,RM-200157,SUP-1003
1023841225,SME,0,0,0,0,RM-Reem Al-Dosari (Khobar),42530.0,25518.0,17012.0,379772.0,0.0,1.0,3.0,41.0,,,8.0,41.0,41.0,0.0,0.0,1570795.0,1528265.0,2026-05-12,2026-05-11,0,0.2774,Low,61.8131,4957,78.8854,2479,CASA_BAL_DROP_90D_PCT,+8%,-0.045,negative,DEBIT_COUNT_RATIO_30D_VS_6M,1.12,-0.0324,negative,DIGITAL_LOGIN_30D,25,-0.0206,negative,PEER_PERCENTILE_SEG,83,-0.0101,negative,CREDIT_TXN_VOLUME_30D,SAR 659K,-0.0053,negative,0,0.261,Low,50.0494,4957,84.4661,2479,LC_VOLUME_180D_DELTA_PCT,-6%,-0.0448,negative,LG_OUTSTANDING_LIMIT_USAGE,65%,-0.0303,negative,LAST_TRADE_TXN_DAYS_AGO,21,-0.019,negative,IMPORT_LC_COUNT_180D,15,-0.0098,negative,EXPORT_COLLECTION_VOL,SAR 897K,-0.0046,negative,0,0.1624,Low,85.45,4957,67.6012,2479,FINANCING_UTILIZATION_PCT,64%,-0.0347,negative,DAYS_SINCE_LAST_DRAWDOWN,34,-0.0301,negative,MURABAHA_LIMIT_UTIL_180D_AVG,0.84,-0.0204,negative,IJARAH_ACTIVE_CONTRACTS,5,-0.0105,negative,OUTSTANDING_VS_LIMIT_RATIO,0.75,-0.0053,negative,0,0.5041,Medium,31.1871,4957,31.253,2479,PAYROLL_VOL_90D_DELTA_PCT,-10%,0.1295,positive,PAYROLL_FEE_INCOME_90D_DELTA,-13%,0.106,positive,MISSED_PAYROLL_CYCLES,0,0.0804,positive,HEADCOUNT_DELTA_PCT,-5%,0.0573,positive,AVG_PAYROLL_PER_HEAD,"SAR 7,674",-0.0258,negative,RM-200053,SUP-1005
1023841226,Enterprise (GTB),1,1,0,0,RM-Noura Al-Qahtani (Riyadh South),-8398250.0,-5038950.0,-3359300.0,0.0,0.0,0.0,0.0,117.0,,,16.0,62.0,,0.0,0.0,17088477.0,25486727.0,2026-05-12,2026-05-11,1,0.7061,High,7.348,4957,6.1398,1286,CASA_BAL_DROP_90D_PCT,-40%,0.3375,positive,DEBIT_COUNT_RATIO_30D_VS_6M,0.44,0.1925,positive,DIGITAL_LOGIN_30D,5,0.1258,positive,PEER_PERCENTILE_SEG,8,0.0712,positive,TENURE_ACCOUNT_MONTHS,94,-0.0443,negative,0,0.1404,Low,50.7306,4957,91.0639,1286,LC_VOLUME_180D_DELTA_PCT,-4%,-0.044,negative,LG_OUTSTANDING_LIMIT_USAGE,83%,-0.0297,negative,LAST_TRADE_TXN_DAYS_AGO,22,-0.0203,negative,IMPORT_LC_COUNT_180D,8,-0.0096,negative,EXPORT_COLLECTION_VOL,SAR 654K,-0.0046,negative,1,0.6557,High,3.1309,4957,9.1265,1286,FINANCING_UTILIZATION_PCT,6%,0.3239,positive,DAYS_SINCE_LAST_DRAWDOWN,287,0.2186,positive,MURABAHA_LIMIT_UTIL_180D_AVG,0.24,0.1241,positive,IJARAH_ACTIVE_CONTRACTS,0,0.0893,positive,OUTSTANDING_VS_LIMIT_RATIO,0.11,0.0461,positive,0,0.1866,Low,65.0898,4957,77.569,1286,PAYROLL_VOL_90D_DELTA_PCT,+4%,-0.0445,negative,PAYROLL_FEE_INCOME_90D_DELTA,+8%,-0.0322,negative,MISSED_PAYROLL_CYCLES,0,-0.0196,negative,HEADCOUNT_DELTA_PCT,+1%,-0.0101,negative,AVG_PAYROLL_PER_HEAD,"SAR 9,369",-0.0045,negative,RM-200027,SUP-1003
1023841227,CCB,0,1,0,0,RM-Ahmed Al-Zahrani (Jeddah),-1558346.0,-935007.0,-623339.0,0.0,1.0,0.0,0.0,122.0,16.0,51.0,10.0,45.0,,0.0,0.0,8350316.0,9908662.0,2026-05-12,2026-05-11,0,0.5464,Medium,27.8188,4957,28.617,608,CASA_BAL_DROP_90D_PCT,-18%,0.1399,positive,DEBIT_COUNT_RATIO_30D_VS_6M,0.77,0.1135,positive,DIGITAL_LOGIN_30D,18,-0.0786,negative,PEER_PERCENTILE_SEG,37,0.0527,positive,CREDIT_TXN_VOLUME_30D,SAR 138K,-0.03,negative,0,0.5354,Medium,30.0701,4957,34.5729,608,LC_VOLUME_180D_DELTA_PCT,-23%,0.1418,positive,LG_OUTSTANDING_LIMIT_USAGE,44%,0.0972,positive,LAST_TRADE_TXN_DAYS_AGO,93,0.0674,positive,IMPORT_LC_COUNT_180D,2,-0.0506,negative,EXPORT_COLLECTION_VOL,SAR 156K,-0.0331,negative,1,0.8172,High,2.8661,4957,6.2412,608,FINANCING_UTILIZATION_PCT,18%,0.2602,positive,DAYS_SINCE_LAST_DRAWDOWN,322,0.2281,positive,MURABAHA_LIMIT_UTIL_180D_AVG,0.15,0.1211,positive,IJARAH_ACTIVE_CONTRACTS,0,0.0741,positive,OUTSTANDING_VS_LIMIT_RATIO,0.11,0.0475,positive,0,0.1535,Low,61.6985,4957,71.568,608,PAYROLL_VOL_90D_DELTA_PCT,+1%,-0.044,negative,PAYROLL_FEE_INCOME_90D_DELTA,+2%,-0.0279,negative,MISSED_PAYROLL_CYCLES,0,-0.0222,negative,HEADCOUNT_DELTA_PCT,+10%,-0.0091,negative,AVG_PAYROLL_PER_HEAD,"SAR 11,578",-0.0053,negative,RM-200040,SUP-1004
1023841228,ICB,1,1,1,1,RM-Ahmed Al-Zahrani (Jeddah),-59415107.0,-35649064.0,-23766043.0,499138.0,1.0,1.0,0.0,62.0,12.0,48.0,17.0,43.0,59.0,0.0,0.0,168686402.0,228101509.0,2026-05-12,2026-05-11,1,0.8499,High,4.8735,4957,4.6982,584,CASA_BAL_DROP_90D_PCT,-34%,0.3094,positive,DEBIT_COUNT_RATIO_30D_VS_6M,0.35,0.1938,positive,DIGITAL_LOGIN_30D,3,0.1136,positive,PEER_PERCENTILE_SEG,8,0.0771,positive,TENURE_ACCOUNT_MONTHS,83,-0.0471,negative,1,0.7379,High,4.9837,4957,3.6903,584,LC_VOLUME_180D_DELTA_PCT,-50%,0.3433,positive,LG_OUTSTANDING_LIMIT_USAGE,15%,0.2157,positive,LAST_TRADE_TXN_DAYS_AGO,167,0.1349,positive,IMPORT_LC_COUNT_180D,0,0.0755,positive,EXPORT_COLLECTION_VOL,SAR 24K,0.0509,positive,1,0.7905,High,2.0973,4957,6.8732,584,FINANCING_UTILIZATION_PCT,18%,0.3076,positive,DAYS_SINCE_LAST_DRAWDOWN,230,0.1877,positive,MURABAHA_LIMIT_UTIL_180D_AVG,0.14,0.1139,positive,IJARAH_ACTIVE_CONTRACTS,0,0.088,positive,OUTSTANDING_VS_LIMIT_RATIO,0.20,0.05,positive,1,0.7775,High,3.544,4957,8.7511,584,PAYROLL_VOL_90D_DELTA_PCT,-35%,0.342,positive,PAYROLL_FEE_INCOME_90D_DELTA,-32%,0.2144,positive,MISSED_PAYROLL_CYCLES,3,0.1081,positive,HEADCOUNT_DELTA_PCT,-19%,0.0721,positive,AVG_PAYROLL_PER_HEAD,"SAR 5,253",-0.0507,negative,RM-200040,SUP-1004
1023841229,SME,0,0,0,0,RM-Basma Al-Mutairi (Khobar),-93098.0,-55858.0,-37240.0,0.0,1.0,0.0,0.0,31.0,22.0,31.0,7.0,31.0,,0.0,0.0,1936943.0,2030041.0,2026-05-12,2026-05-11,0,0.0612,Low,45.2873,4957,54.0496,2479,CASA_BAL_DROP_90D_PCT,+4%,-0.0416,negative,DEBIT_COUNT_RATIO_30D_VS_6M,0.95,-0.0319,negative,DIGITAL_LOGIN_30D,43,-0.02,negative,PEER_PERCENTILE_SEG,90,-0.0087,negative,CREDIT_TXN_VOLUME_30D,SAR 1762K,-0.0053,negative,0,0.5282,Medium,29.8893,4957,22.2517,2479,LC_VOLUME_180D_DELTA_PCT,-23%,0.1514,positive,LG_OUTSTANDING_LIMIT_USAGE,51%,0.0854,positive,LAST_TRADE_TXN_DAYS_AGO,79,0.0747,positive,IMPORT_LC_COUNT_180D,2,-0.0572,negative,EXPORT_COLLECTION_VOL,SAR 190K,-0.03,negative,0,0.5015,Medium,33.6466,4957,23.7123,2479,FINANCING_UTILIZATION_PCT,34%,0.1318,positive,DAYS_SINCE_LAST_DRAWDOWN,119,0.0922,positive,MURABAHA_LIMIT_UTIL_180D_AVG,0.51,0.0706,positive,IJARAH_ACTIVE_CONTRACTS,2,0.0465,positive,OUTSTANDING_VS_LIMIT_RATIO,0.54,-0.0262,negative,0,0.1556,Low,55.9444,4957,78.6784,2479,PAYROLL_VOL_90D_DELTA_PCT,+2%,-0.0376,negative,PAYROLL_FEE_INCOME_90D_DELTA,+2%,-0.0314,negative,MISSED_PAYROLL_CYCLES,0,-0.0176,negative,HEADCOUNT_DELTA_PCT,+9%,-0.0096,negative,AVG_PAYROLL_PER_HEAD,"SAR 7,077",-0.005,negative,RM-200183,SUP-1005
1023841230,Enterprise (GTB),0,0,1,0,RM-Walid Al-Zahrani (Riyadh East),-2192009.0,-1315205.0,-876804.0,0.0,1.0,0.0,0.0,132.0,19.0,57.0,15.0,42.0,,0.0,0.0,19501357.0,21693366.0,2026-05-12,2026-05-11,0,0.5237,Medium,33.7873,4957,25.6763,1286,CASA_BAL_DROP_90D_PCT,-21%,0.1681,positive,DEBIT_COUNT_RATIO_30D_VS_6M,0.67,0.1116,positive,DIGITAL_LOGIN_30D,9,-0.0605,negative,PEER_PERCENTILE_SEG,28,0.0528,positive,CREDIT_TXN_VOLUME_30D,SAR 194K,-0.0336,negative,1,0.7714,High,3.0761,4957,8.953,1286,LC_VOLUME_180D_DELTA_PCT,-41%,0.2564,positive,LG_OUTSTANDING_LIMIT_USAGE,17%,0.2052,positive,LAST_TRADE_TXN_DAYS_AGO,158,0.1354,positive,IMPORT_LC_COUNT_180D,0,0.0719,positive,EXPORT_COLLECTION_VOL,SAR 34K,0.051,positive,0,0.2057,Low,69.3253,4957,64.8892,1286,FINANCING_UTILIZATION_PCT,85%,-0.0429,negative,DAYS_SINCE_LAST_DRAWDOWN,10,-0.0344,negative,MURABAHA_LIMIT_UTIL_180D_AVG,0.94,-0.02,negative,IJARAH_ACTIVE_CONTRACTS,6,-0.0087,negative,OUTSTANDING_VS_LIMIT_RATIO,0.67,-0.0046,negative,0,0.1892,Low,72.6239,4957,74.2068,1286,PAYROLL_VOL_90D_DELTA_PCT,+6%,-0.0456,negative,PAYROLL_FEE_INCOME_90D_DELTA,+6%,-0.0258,negative,MISSED_PAYROLL_CYCLES,0,-0.0217,negative,HEADCOUNT_DELTA_PCT,+4%,-0.0099,negative,AVG_PAYROLL_PER_HEAD,"SAR 10,075",-0.0048,negative,RM-200144,SUP-1002
1023841231,CCB,0,0,0,0,RM-Hind Al-Mutairi (Makkah),86000.0,51600.0,34400.0,0.0,0.0,0.0,0.0,3.0,,,3.0,3.0,,1.0,0.0,6116163.0,6030163.0,2026-05-12,2026-05-11,0,0.2276,Low,58.2921,4957,58.8438,608,CASA_BAL_DROP_90D_PCT,+10%,-0.0349,negative,DEBIT_COUNT_RATIO_30D_VS_6M,1.13,-0.0269,negative,DIGITAL_LOGIN_30D,44,-0.0208,negative,PEER_PERCENTILE_SEG,56,-0.0095,negative,CREDIT_TXN_VOLUME_30D,SAR 1131K,-0.0044,negative,0,0.1523,Low,79.2606,4957,52.4982,608,LC_VOLUME_180D_DELTA_PCT,+5%,-0.035,negative,LG_OUTSTANDING_LIMIT_USAGE,76%,-0.0305,negative,LAST_TRADE_TXN_DAYS_AGO,5,-0.0194,negative,IMPORT_LC_COUNT_180D,13,-0.0088,negative,EXPORT_COLLECTION_VOL,SAR 912K,-0.0044,negative,0,0.2304,Low,83.8673,4957,48.543,608,FINANCING_UTILIZATION_PCT,84%,-0.039,negative,DAYS_SINCE_LAST_DRAWDOWN,40,-0.0263,negative,MURABAHA_LIMIT_UTIL_180D_AVG,0.94,-0.0224,negative,IJARAH_ACTIVE_CONTRACTS,4,-0.0102,negative,OUTSTANDING_VS_LIMIT_RATIO,0.69,-0.0053,negative,0,0.1119,Low,57.0783,4957,54.4211,608,PAYROLL_VOL_90D_DELTA_PCT,+5%,-0.036,negative,PAYROLL_FEE_INCOME_90D_DELTA,+9%,-0.0293,negative,MISSED_PAYROLL_CYCLES,0,-0.0217,negative,HEADCOUNT_DELTA_PCT,+4%,-0.0096,negative,AVG_PAYROLL_PER_HEAD,"SAR 11,061",-0.0053,negative,RM-200079,SUP-1002
1023841232,ICB,0,0,0,0,RM-Omar Al-Sulaiman (Jeddah North),-15601493.0,-9360895.0,-6240598.0,292071.0,1.0,1.0,0.0,62.0,18.0,57.0,15.0,60.0,33.0,0.0,1.0,92492076.0,108093569.0,2026-05-12,2026-05-11,0,0.4101,Medium,26.4592,4957,35.1766,584,CASA_BAL_DROP_90D_PCT,-19%,0.1568,positive,DEBIT_COUNT_RATIO_30D_VS_6M,0.63,0.0891,positive,DIGITAL_LOGIN_30D,11,-0.0794,negative,PEER_PERCENTILE_SEG,25,0.0497,positive,CREDIT_TXN_VOLUME_30D,SAR 131K,-0.0342,negative,0,0.3729,Medium,30.4244,4957,29.8561,584,LC_VOLUME_180D_DELTA_PCT,-17%,0.1534,positive,LG_OUTSTANDING_LIMIT_USAGE,43%,0.0948,positive,LAST_TRADE_TXN_DAYS_AGO,70,0.0766,positive,IMPORT_LC_COUNT_180D,4,-0.048,negative,EXPORT_COLLECTION_VOL,SAR 219K,-0.0273,negative,0,0.0914,Low,79.5428,4957,49.1843,584,FINANCING_UTILIZATION_PCT,90%,-0.0427,negative,DAYS_SINCE_LAST_DRAWDOWN,33,-0.0319,negative,MURABAHA_LIMIT_UTIL_180D_AVG,0.91,-0.0218,negative,IJARAH_ACTIVE_CONTRACTS,6,-0.0087,negative,OUTSTANDING_VS_LIMIT_RATIO,0.68,-0.0053,negative,0,0.3757,Medium,23.7902,4957,24.4663,584,PAYROLL_VOL_90D_DELTA_PCT,-11%,0.1465,positive,PAYROLL_FEE_INCOME_90D_DELTA,-14%,0.0872,positive,MISSED_PAYROLL_CYCLES,1,0.0696,positive,HEADCOUNT_DELTA_PCT,-5%,0.0505,positive,AVG_PAYROLL_PER_HEAD,"SAR 7,472",-0.0304,negative,RM-200118,SUP-1005
1023841233,SME,1,0,1,1,RM-Walid Al-Zahrani (Riyadh East),-863712.0,-518227.0,-345485.0,239110.0,1.0,1.0,1.0,37.0,17.0,37.0,16.0,37.0,14.0,0.0,0.0,1925973.0,2789685.0,2026-05-12,2026-05-11,1,0.7495,High,5.8702,4957,7.5272,2479,CASA_BAL_DROP_90D_PCT,-38%,0.342,positive,DEBIT_COUNT_RATIO_30D_VS_6M,0.39,0.2279,positive,DIGITAL_LOGIN_30D,3,0.1024,positive,PEER_PERCENTILE_SEG,6,0.0733,positive,TENURE_ACCOUNT_MONTHS,85,-0.0492,negative,1,0.7265,High,6.0773,4957,7.8331,2479,LC_VOLUME_180D_DELTA_PCT,-35%,0.2686,positive,LG_OUTSTANDING_LIMIT_USAGE,14%,0.199,positive,LAST_TRADE_TXN_DAYS_AGO,130,0.117,positive,IMPORT_LC_COUNT_180D,0,0.0708,positive,EXPORT_COLLECTION_VOL,SAR 31K,0.0477,positive,0,0.1547,Low,54.309,4957,69.2487,2479,FINANCING_UTILIZATION_PCT,74%,-0.0397,negative,DAYS_SINCE_LAST_DRAWDOWN,33,-0.032,negative,MURABAHA_LIMIT_UTIL_180D_AVG,0.78,-0.0189,negative,IJARAH_ACTIVE_CONTRACTS,3,-0.0109,negative,OUTSTANDING_VS_LIMIT_RATIO,0.74,-0.0043,negative,1,0.6452,High,6.8003,4957,9.5095,2479,PAYROLL_VOL_90D_DELTA_PCT,-31%,0.3216,positive,PAYROLL_FEE_INCOME_90D_DELTA,-23%,0.1805,positive,MISSED_PAYROLL_CYCLES,3,0.1139,positive,HEADCOUNT_DELTA_PCT,-11%,0.091,positive,AVG_PAYROLL_PER_HEAD,"SAR 7,079",-0.0545,negative,RM-200144,SUP-1002
1023841234,Enterprise (GTB),0,0,0,0,RM-Noura Al-Qahtani (Riyadh South),449217.0,269530.0,179687.0,0.0,0.0,0.0,0.0,79.0,,,12.0,37.0,,0.0,0.0,20508214.0,20058997.0,2026-05-12,2026-05-11,0,0.2196,Low,84.7394,4957,67.7813,1286,CASA_BAL_DROP_90D_PCT,+2%,-0.0392,negative,DEBIT_COUNT_RATIO_30D_VS_6M,1.00,-0.0318,negative,DIGITAL_LOGIN_30D,24,-0.0215,negative,PEER_PERCENTILE_SEG,84,-0.0102,negative,CREDIT_TXN_VOLUME_30D,SAR 1167K,-0.0045,negative,0,0.0953,Low,50.128,4957,77.5109,1286,LC_VOLUME_180D_DELTA_PCT,+6%,-0.0399,negative,LG_OUTSTANDING_LIMIT_USAGE,72%,-0.029,negative,LAST_TRADE_TXN_DAYS_AGO,16,-0.0205,negative,IMPORT_LC_COUNT_180D,12,-0.0096,negative,EXPORT_COLLECTION_VOL,SAR 1133K,-0.0052,negative,0,0.4684,Medium,32.0092,4957,36.6989,1286,FINANCING_UTILIZATION_PCT,34%,0.1541,positive,DAYS_SINCE_LAST_DRAWDOWN,95,0.0944,positive,MURABAHA_LIMIT_UTIL_180D_AVG,0.39,0.0659,positive,IJARAH_ACTIVE_CONTRACTS,2,0.0529,positive,OUTSTANDING_VS_LIMIT_RATIO,0.38,-0.0293,negative,0,0.1383,Low,53.3589,4957,75.9621,1286,PAYROLL_VOL_90D_DELTA_PCT,+3%,-0.0423,negative,PAYROLL_FEE_INCOME_90D_DELTA,+9%,-0.0305,negative,MISSED_PAYROLL_CYCLES,0,-0.0187,negative,HEADCOUNT_DELTA_PCT,+8%,-0.0091,negative,AVG_PAYROLL_PER_HEAD,"SAR 9,941",-0.0052,negative,RM-200027,SUP-1003
1023841235,CCB,0,0,0,1,RM-Sara Al-Mansouri (Jeddah),-1340991.0,-804594.0,-536397.0,552594.0,0.0,1.0,3.0,95.0,,,12.0,79.0,43.0,0.0,1.0,11130388.0,12471379.0,2026-05-12,2026-05-11,0,0.4039,Medium,32.5984,4957,29.8192,608,CASA_BAL_DROP_90D_PCT,-10%,0.1312,positive,DEBIT_COUNT_RATIO_30D_VS_6M,0.61,0.1089,positive,DIGITAL_LOGIN_30D,11,-0.0602,negative,PEER_PERCENTILE_SEG,25,0.0506,positive,CREDIT_TXN_VOLUME_30D,SAR 194K,-0.0325,negative,0,0.2208,Low,79.4664,4957,72.188,608,LC_VOLUME_180D_DELTA_PCT,-4%,-0.0354,negative,LG_OUTSTANDING_LIMIT_USAGE,71%,-0.0325,negative,LAST_TRADE_TXN_DAYS_AGO,29,-0.0203,negative,IMPORT_LC_COUNT_180D,12,-0.0086,negative,EXPORT_COLLECTION_VOL,SAR 735K,-0.0051,negative,0,0.0736,Low,82.3532,4957,81.0592,608,FINANCING_UTILIZATION_PCT,61%,-0.0376,negative,DAYS_SINCE_LAST_DRAWDOWN,27,-0.0295,negative,MURABAHA_LIMIT_UTIL_180D_AVG,0.72,-0.0222,negative,IJARAH_ACTIVE_CONTRACTS,3,-0.0111,negative,OUTSTANDING_VS_LIMIT_RATIO,0.71,-0.0054,negative,1,0.8065,High,5.5275,4957,5.4544,608,PAYROLL_VOL_90D_DELTA_PCT,-35%,0.319,positive,PAYROLL_FEE_INCOME_90D_DELTA,-37%,0.1957,positive,MISSED_PAYROLL_CYCLES,2,0.107,positive,HEADCOUNT_DELTA_PCT,-20%,0.0875,positive,AVG_PAYROLL_PER_HEAD,"SAR 5,936",-0.0434,negative,RM-200001,SUP-1001
1023841236,ICB,0,1,1,0,RM-Lina Al-Ghamdi (Riyadh West),3536154.0,2121692.0,1414462.0,0.0,1.0,0.0,0.0,45.0,16.0,45.0,10.0,45.0,,0.0,0.0,115453185.0,111917031.0,2026-05-12,2026-05-11,0,0.1115,Low,83.6108,4957,91.3615,584,CASA_BAL_DROP_90D_PCT,+5%,-0.0422,negative,DEBIT_COUNT_RATIO_30D_VS_6M,1.14,-0.0267,negative,DIGITAL_LOGIN_30D,23,-0.0195,negative,PEER_PERCENTILE_SEG,91,-0.0115,negative,CREDIT_TXN_VOLUME_30D,SAR 771K,-0.0044,negative,1,0.6774,High,6.2684,4957,8.7994,584,LC_VOLUME_180D_DELTA_PCT,-56%,0.3235,positive,LG_OUTSTANDING_LIMIT_USAGE,9%,0.1936,positive,LAST_TRADE_TXN_DAYS_AGO,154,0.1228,positive,IMPORT_LC_COUNT_180D,1,0.0831,positive,EXPORT_COLLECTION_VOL,SAR 50K,0.0493,positive,1,0.8028,High,6.6133,4957,5.82,584,FINANCING_UTILIZATION_PCT,16%,0.3225,positive,DAYS_SINCE_LAST_DRAWDOWN,304,0.1973,positive,MURABAHA_LIMIT_UTIL_180D_AVG,0.08,0.1138,positive,IJARAH_ACTIVE_CONTRACTS,0,0.0866,positive,OUTSTANDING_VS_LIMIT_RATIO,0.21,0.0535,positive,0,0.1554,Low,74.8865,4957,63.7618,584,PAYROLL_VOL_90D_DELTA_PCT,+7%,-0.0348,negative,PAYROLL_FEE_INCOME_90D_DELTA,+8%,-0.0275,negative,MISSED_PAYROLL_CYCLES,0,-0.0219,negative,HEADCOUNT_DELTA_PCT,+6%,-0.01,negative,AVG_PAYROLL_PER_HEAD,"SAR 9,766",-0.0055,negative,RM-200105,SUP-1004
1023841237,SME,0,0,0,0,RM-Lina Al-Ghamdi (Riyadh West),249251.0,149550.0,99701.0,0.0,0.0,0.0,0.0,133.0,,,13.0,57.0,,0.0,0.0,2012014.0,1762763.0,2026-05-12,2026-05-11,0,0.2557,Low,79.3014,4957,50.0215,2479,CASA_BAL_DROP_90D_PCT,+16%,-0.0415,negative,DEBIT_COUNT_RATIO_30D_VS_6M,1.18,-0.0256,negative,DIGITAL_LOGIN_30D,49,-0.0179,negative,PEER_PERCENTILE_SEG,77,-0.0085,negative,CREDIT_TXN_VOLUME_30D,SAR 1910K,-0.0046,negative,0,0.2592,Low,84.6966,4957,61.2821,2479,LC_VOLUME_180D_DELTA_PCT,+2%,-0.0445,negative,LG_OUTSTANDING_LIMIT_USAGE,68%,-0.0314,negative,LAST_TRADE_TXN_DAYS_AGO,26,-0.0175,negative,IMPORT_LC_COUNT_180D,7,-0.0112,negative,EXPORT_COLLECTION_VOL,SAR 940K,-0.0043,negative,0,0.1203,Low,76.4749,4957,58.3023,2479,FINANCING_UTILIZATION_PCT,82%,-0.0419,negative,DAYS_SINCE_LAST_DRAWDOWN,18,-0.0264,negative,MURABAHA_LIMIT_UTIL_180D_AVG,0.73,-0.0199,negative,IJARAH_ACTIVE_CONTRACTS,6,-0.0092,negative,OUTSTANDING_VS_LIMIT_RATIO,0.82,-0.0043,negative,0,0.2379,Low,89.467,4957,66.5818,2479,PAYROLL_VOL_90D_DELTA_PCT,+2%,-0.0356,negative,PAYROLL_FEE_INCOME_90D_DELTA,+3%,-0.0276,negative,MISSED_PAYROLL_CYCLES,0,-0.0214,negative,HEADCOUNT_DELTA_PCT,+6%,-0.0088,negative,AVG_PAYROLL_PER_HEAD,"SAR 9,451",-0.0048,negative,RM-200105,SUP-1004
1023841238,Enterprise (GTB),0,0,0,0,RM-Noura Al-Qahtani (Riyadh South),-7276380.0,-4365828.0,-2910552.0,0.0,1.0,0.0,0.0,120.0,10.0,45.0,7.0,69.0,,0.0,1.0,33683974.0,40960354.0,2026-05-12,2026-05-11,0,0.4408,Medium,29.1548,4957,24.6259,1286,CASA_BAL_DROP_90D_PCT,-13%,0.1433,positive,DEBIT_COUNT_RATIO_30D_VS_6M,0.59,0.1038,positive,DIGITAL_LOGIN_30D,18,-0.0681,negative,PEER_PERCENTILE_SEG,26,0.0491,positive,CREDIT_TXN_VOLUME_30D,SAR 75K,-0.0263,negative,0,0.335,Medium,21.8474,4957,33.6801,1286,LC_VOLUME_180D_DELTA_PCT,-23%,0.1433,positive,LG_OUTSTANDING_LIMIT_USAGE,39%,0.0944,positive,LAST_TRADE_TXN_DAYS_AGO,86,0.0647,positive,IMPORT_LC_COUNT_180D,4,-0.0438,negative,EXPORT_COLLECTION_VOL,SAR 235K,-0.0309,negative,0,0.3712,Medium,34.1192,4957,22.4292,1286,FINANCING_UTILIZATION_PCT,39%,0.1656,positive,DAYS_SINCE_LAST_DRAWDOWN,118,0.0912,positive,MURABAHA_LIMIT_UTIL_180D_AVG,0.50,0.0702,positive,IJARAH_ACTIVE_CONTRACTS,1,0.0469,positive,OUTSTANDING_VS_LIMIT_RATIO,0.51,-0.0326,negative,0,0.105,Low,62.3649,4957,58.6076,1286,PAYROLL_VOL_90D_DELTA_PCT,+2%,-0.0417,negative,PAYROLL_FEE_INCOME_90D_DELTA,+2%,-0.0303,negative,MISSED_PAYROLL_CYCLES,0,-0.0229,negative,HEADCOUNT_DELTA_PCT,+3%,-0.0113,negative,AVG_PAYROLL_PER_HEAD,"SAR 11,656",-0.0048,negative,RM-200027,SUP-1003
1023841239,CCB,1,1,0,0,RM-Hind Al-Mutairi (Makkah),-3986321.0,-2391792.0,-1594529.0,331162.0,1.0,1.0,3.0,121.0,8.0,37.0,15.0,40.0,12.0,0.0,0.0,9130603.0,13116924.0,2026-05-12,2026-05-11,1,0.6803,High,2.239,4957,3.4233,608,CASA_BAL_DROP_90D_PCT,-44%,0.326,positive,DEBIT_COUNT_RATIO_30D_VS_6M,0.44,0.1872,positive,DIGITAL_LOGIN_30D,4,0.1296,positive,PEER_PERCENTILE_SEG,4,0.0848,positive,TENURE_ACCOUNT_MONTHS,94,-0.0521,negative,0,0.454,Medium,24.162,4957,26.9585,608,LC_VOLUME_180D_DELTA_PCT,-16%,0.1505,positive,LG_OUTSTANDING_LIMIT_USAGE,39%,0.1142,positive,LAST_TRADE_TXN_DAYS_AGO,70,0.0708,positive,IMPORT_LC_COUNT_180D,4,-0.0513,negative,EXPORT_COLLECTION_VOL,SAR 96K,-0.0316,negative,1,0.6913,High,4.6249,4957,9.674,608,FINANCING_UTILIZATION_PCT,12%,0.2765,positive,DAYS_SINCE_LAST_DRAWDOWN,291,0.1752,positive,MURABAHA_LIMIT_UTIL_180D_AVG,0.18,0.1062,positive,IJARAH_ACTIVE_CONTRACTS,0,0.0693,positive,OUTSTANDING_VS_LIMIT_RATIO,0.20,0.0525,positive,0,0.3439,Medium,20.19,4957,24.1954,608,PAYROLL_VOL_90D_DELTA_PCT,-12%,0.128,positive,PAYROLL_FEE_INCOME_90D_DELTA,-13%,0.1136,positive,MISSED_PAYROLL_CYCLES,1,0.0704,positive,HEADCOUNT_DELTA_PCT,-3%,0.045,positive,AVG_PAYROLL_PER_HEAD,"SAR 7,100",-0.0322,negative,RM-200079,SUP-1002
